{
  "overall": {
    "pass1_elapsed_sum_s": {
      "count": 19,
      "min": 1.912709,
      "q1": 3.1577355000000003,
      "mean": 6.810719421052631,
      "median": 3.476506,
      "q3": 6.127532,
      "p90": 11.198849399999984,
      "p95": 28.96768389999999,
      "max": 33.267388,
      "std": 8.650275732384271,
      "iqr": 2.9697965,
      "sum": 129.40366899999998
    },
    "pass2_elapsed_sum_s": {
      "count": 19,
      "min": 0.0,
      "q1": 0.0,
      "mean": 0.4977064736842105,
      "median": 0.0,
      "q3": 0.0,
      "p90": 0.0,
      "p95": 0.9456422999999797,
      "max": 9.456423,
      "std": 2.169452222335459,
      "iqr": 0.0,
      "sum": 9.456423
    },
    "llm_total_elapsed_sum_s": {
      "count": 19,
      "min": 1.912709,
      "q1": 3.1577355000000003,
      "mean": 7.308425894736841,
      "median": 3.476506,
      "q3": 6.127532,
      "p90": 12.154339199999981,
      "p95": 33.73528539999999,
      "max": 37.946362,
      "std": 10.114961467328488,
      "iqr": 2.9697965,
      "sum": 138.86009199999998
    },
    "doc_total_elapsed_s": {
      "count": 19,
      "min": 2.315438,
      "q1": 3.68013,
      "mean": 7.893303842105264,
      "median": 4.290547,
      "q3": 6.6035924999999995,
      "p90": 12.953962399999982,
      "p95": 34.08581199999999,
      "max": 38.7067,
      "std": 10.111614557110876,
      "iqr": 2.9234624999999994,
      "sum": 149.97277300000002
    },
    "pass1_prompt_tokens_api_sum": {
      "count": 19,
      "min": 2888.0,
      "q1": 6949.0,
      "mean": 12836.105263157895,
      "median": 13665.0,
      "q3": 16587.5,
      "p90": 19363.0,
      "p95": 20458.09999999999,
      "max": 23546.0,
      "std": 5977.176729440979,
      "iqr": 9638.5,
      "sum": 243886.0
    },
    "pass1_completion_tokens_api_sum": {
      "count": 19,
      "min": 27.0,
      "q1": 37.0,
      "mean": 158.05263157894737,
      "median": 41.0,
      "q3": 48.0,
      "p90": 123.59999999999991,
      "p95": 406.59999999999616,
      "max": 2032.0,
      "std": 456.0285655872656,
      "iqr": 11.0,
      "sum": 3003.0
    },
    "pass1_total_tokens_api_sum": {
      "count": 19,
      "min": 2923.0,
      "q1": 8005.5,
      "mean": 12994.157894736842,
      "median": 13706.0,
      "q3": 16630.5,
      "p90": 19401.399999999998,
      "p95": 20490.899999999994,
      "max": 23622.0,
      "std": 5877.955457688762,
      "iqr": 8625.0,
      "sum": 246889.0
    },
    "pass2_prompt_tokens_api_sum": {
      "count": 19,
      "min": 0.0,
      "q1": 0.0,
      "mean": 122.94736842105263,
      "median": 0.0,
      "q3": 0.0,
      "p90": 0.0,
      "p95": 233.59999999999502,
      "max": 2336.0,
      "std": 535.9151543216324,
      "iqr": 0.0,
      "sum": 2336.0
    },
    "pass2_completion_tokens_api_sum": {
      "count": 19,
      "min": 0.0,
      "q1": 0.0,
      "mean": 27.36842105263158,
      "median": 0.0,
      "q3": 0.0,
      "p90": 0.0,
      "p95": 51.99999999999889,
      "max": 520.0,
      "std": 119.29618161269211,
      "iqr": 0.0,
      "sum": 520.0
    },
    "pass2_total_tokens_api_sum": {
      "count": 19,
      "min": 0.0,
      "q1": 0.0,
      "mean": 150.31578947368422,
      "median": 0.0,
      "q3": 0.0,
      "p90": 0.0,
      "p95": 285.5999999999939,
      "max": 2856.0,
      "std": 655.2113359343244,
      "iqr": 0.0,
      "sum": 2856.0
    },
    "total_prompt_tokens_api_sum": {
      "count": 19,
      "min": 2888.0,
      "q1": 8117.0,
      "mean": 12959.052631578947,
      "median": 13665.0,
      "q3": 16587.5,
      "p90": 19363.0,
      "p95": 20458.09999999999,
      "max": 23546.0,
      "std": 5879.662485340505,
      "iqr": 8470.5,
      "sum": 246222.0
    },
    "total_completion_tokens_api_sum": {
      "count": 19,
      "min": 27.0,
      "q1": 37.0,
      "mean": 185.42105263157896,
      "median": 41.0,
      "q3": 48.0,
      "p90": 123.59999999999991,
      "p95": 458.599999999995,
      "max": 2552.0,
      "std": 574.8618496637521,
      "iqr": 11.0,
      "sum": 3523.0
    },
    "total_tokens_api_sum": {
      "count": 19,
      "min": 2923.0,
      "q1": 9371.0,
      "mean": 13144.473684210527,
      "median": 13706.0,
      "q3": 16630.5,
      "p90": 19401.399999999998,
      "p95": 20490.899999999994,
      "max": 23622.0,
      "std": 5814.6026650190615,
      "iqr": 7259.5,
      "sum": 249745.0
    },
    "n_chunks": {
      "count": 19,
      "min": 1.0,
      "q1": 1.0,
      "mean": 1.0526315789473684,
      "median": 1.0,
      "q3": 1.0,
      "p90": 1.0,
      "p95": 1.0999999999999979,
      "max": 2.0,
      "std": 0.22941573387056174,
      "iqr": 0.0,
      "sum": 20.0
    },
    "n_evidence_rows_doc": {
      "count": 19,
      "min": 0.0,
      "q1": 0.0,
      "mean": 1.2105263157894737,
      "median": 0.0,
      "q3": 0.0,
      "p90": 0.0,
      "p95": 2.299999999999951,
      "max": 23.0,
      "std": 5.276561879022921,
      "iqr": 0.0,
      "sum": 23.0
    },
    "n_pass2_batches": {
      "count": 19,
      "min": 0.0,
      "q1": 0.0,
      "mean": 0.05263157894736842,
      "median": 0.0,
      "q3": 0.0,
      "p90": 0.0,
      "p95": 0.09999999999999787,
      "max": 1.0,
      "std": 0.22941573387056177,
      "iqr": 0.0,
      "sum": 1.0
    }
  },
  "by_year": {
    "2023": {
      "n_docs": 19,
      "pass1_elapsed_sum_s": {
        "count": 19,
        "min": 1.912709,
        "q1": 3.1577355000000003,
        "mean": 6.810719421052631,
        "median": 3.476506,
        "q3": 6.127532,
        "p90": 11.198849399999984,
        "p95": 28.96768389999999,
        "max": 33.267388,
        "std": 8.650275732384271,
        "iqr": 2.9697965,
        "sum": 129.40366899999998
      },
      "pass2_elapsed_sum_s": {
        "count": 19,
        "min": 0.0,
        "q1": 0.0,
        "mean": 0.4977064736842105,
        "median": 0.0,
        "q3": 0.0,
        "p90": 0.0,
        "p95": 0.9456422999999797,
        "max": 9.456423,
        "std": 2.169452222335459,
        "iqr": 0.0,
        "sum": 9.456423
      },
      "llm_total_elapsed_sum_s": {
        "count": 19,
        "min": 1.912709,
        "q1": 3.1577355000000003,
        "mean": 7.308425894736841,
        "median": 3.476506,
        "q3": 6.127532,
        "p90": 12.154339199999981,
        "p95": 33.73528539999999,
        "max": 37.946362,
        "std": 10.114961467328488,
        "iqr": 2.9697965,
        "sum": 138.86009199999998
      },
      "doc_total_elapsed_s": {
        "count": 19,
        "min": 2.315438,
        "q1": 3.68013,
        "mean": 7.893303842105264,
        "median": 4.290547,
        "q3": 6.6035924999999995,
        "p90": 12.953962399999982,
        "p95": 34.08581199999999,
        "max": 38.7067,
        "std": 10.111614557110876,
        "iqr": 2.9234624999999994,
        "sum": 149.97277300000002
      },
      "total_tokens_api_sum": {
        "count": 19,
        "min": 2923.0,
        "q1": 9371.0,
        "mean": 13144.473684210527,
        "median": 13706.0,
        "q3": 16630.5,
        "p90": 19401.399999999998,
        "p95": 20490.899999999994,
        "max": 23622.0,
        "std": 5814.6026650190615,
        "iqr": 7259.5,
        "sum": 249745.0
      }
    }
  }
}