{
  "overall": {
    "elapsed_s": {
      "count": 364,
      "min": 1.912709,
      "q1": 6.664947,
      "mean": 13.601903524725275,
      "median": 10.406134,
      "q3": 17.3041045,
      "p90": 25.5419523,
      "p95": 34.00373744999999,
      "max": 104.025847,
      "std": 11.21135343594721,
      "iqr": 10.639157500000001,
      "sum": 4951.092883
    },
    "prompt_tokens_est": {
      "count": 364,
      "min": 480.0,
      "q1": 1264.75,
      "mean": 6133.837912087912,
      "median": 4813.0,
      "q3": 9177.0,
      "p90": 14801.499999999998,
      "p95": 19451.19999999999,
      "max": 24238.0,
      "std": 5797.234511551141,
      "iqr": 7912.25,
      "sum": 2232717.0
    },
    "prompt_tokens_api": {
      "count": 364,
      "min": 486.0,
      "q1": 1261.25,
      "mean": 6102.395604395604,
      "median": 4711.5,
      "q3": 9089.0,
      "p90": 14761.499999999996,
      "p95": 19180.95,
      "max": 24163.0,
      "std": 5766.815619431626,
      "iqr": 7827.75,
      "sum": 2221272.0
    },
    "completion_tokens_api": {
      "count": 364,
      "min": 27.0,
      "q1": 365.5,
      "mean": 755.9807692307693,
      "median": 629.0,
      "q3": 1072.25,
      "p90": 1534.4,
      "p95": 1800.85,
      "max": 2494.0,
      "std": 534.8675973889209,
      "iqr": 706.75,
      "sum": 275177.0
    },
    "total_tokens_api": {
      "count": 364,
      "min": 519.0,
      "q1": 1718.75,
      "mean": 6858.376373626374,
      "median": 5586.5,
      "q3": 10418.0,
      "p90": 15467.799999999996,
      "p95": 19742.999999999978,
      "max": 25012.0,
      "std": 5943.319725947756,
      "iqr": 8699.25,
      "sum": 2496449.0
    }
  },
  "by_stage": {
    "pass1": {
      "n_calls": 199,
      "elapsed_s": {
        "count": 199,
        "min": 1.912709,
        "q1": 7.1430245,
        "mean": 16.7292663919598,
        "median": 15.342948,
        "q3": 20.952209500000002,
        "p90": 28.781983200000017,
        "p95": 36.205175,
        "max": 104.025847,
        "std": 13.26043981892899,
        "iqr": 13.809185000000003,
        "sum": 3329.124012
      },
      "prompt_tokens_est": {
        "count": 199,
        "min": 480.0,
        "q1": 6926.0,
        "mean": 10166.557788944723,
        "median": 8726.0,
        "q3": 12362.5,
        "p90": 18569.400000000012,
        "p95": 20863.899999999998,
        "max": 24238.0,
        "std": 5037.145161618765,
        "iqr": 5436.5,
        "sum": 2023145.0
      },
      "prompt_tokens_api": {
        "count": 199,
        "min": 486.0,
        "q1": 6826.0,
        "mean": 10114.150753768845,
        "median": 8688.0,
        "q3": 12304.5,
        "p90": 18365.400000000016,
        "p95": 20772.2,
        "max": 24163.0,
        "std": 5010.818551186631,
        "iqr": 5478.5,
        "sum": 2012716.0
      },
      "completion_tokens_api": {
        "count": 199,
        "min": 27.0,
        "q1": 540.0,
        "mean": 974.5226130653266,
        "median": 988.0,
        "q3": 1325.5,
        "p90": 1789.6000000000001,
        "p95": 2033.3999999999999,
        "max": 2494.0,
        "std": 604.1729702836931,
        "iqr": 785.5,
        "sum": 193930.0
      },
      "total_tokens_api": {
        "count": 199,
        "min": 519.0,
        "q1": 7939.5,
        "mean": 11088.673366834171,
        "median": 9943.0,
        "q3": 13617.5,
        "p90": 18511.200000000015,
        "p95": 21416.199999999997,
        "max": 25012.0,
        "std": 4974.528328368594,
        "iqr": 5678.0,
        "sum": 2206646.0
      },
      "n_evidence_rows_norm": {
        "count": 199,
        "min": 0.0,
        "q1": 6.0,
        "mean": 12.140703517587939,
        "median": 12.0,
        "q3": 18.0,
        "p90": 23.0,
        "p95": 26.0,
        "max": 43.0,
        "std": 8.519158534082221,
        "iqr": 12.0,
        "sum": 2416.0
      },
      "n_rows_normalized": {
        "count": 0,
        "min": null,
        "q1": null,
        "mean": null,
        "median": null,
        "q3": null,
        "p90": null,
        "p95": null,
        "max": null,
        "std": null,
        "iqr": null,
        "sum": null
      }
    },
    "pass2": {
      "n_calls": 165,
      "elapsed_s": {
        "count": 165,
        "min": 2.235625,
        "q1": 6.313527,
        "mean": 9.83011436969697,
        "median": 8.785192,
        "q3": 11.004882,
        "p90": 14.307689599999996,
        "p95": 17.864687199999988,
        "max": 41.694344,
        "std": 6.303916379114007,
        "iqr": 4.691355000000001,
        "sum": 1621.968871
      },
      "prompt_tokens_est": {
        "count": 165,
        "min": 512.0,
        "q1": 966.0,
        "mean": 1270.1333333333334,
        "median": 1206.0,
        "q3": 1504.0,
        "p90": 1846.9999999999993,
        "p95": 2081.0,
        "max": 2974.0,
        "std": 470.9647924976534,
        "iqr": 538.0,
        "sum": 209572.0
      },
      "prompt_tokens_api": {
        "count": 165,
        "min": 519.0,
        "q1": 975.0,
        "mean": 1263.9757575757576,
        "median": 1194.0,
        "q3": 1495.0,
        "p90": 1832.3999999999992,
        "p95": 2073.6,
        "max": 2955.0,
        "std": 462.632669851146,
        "iqr": 520.0,
        "sum": 208556.0
      },
      "completion_tokens_api": {
        "count": 165,
        "min": 50.0,
        "q1": 297.0,
        "mean": 492.4060606060606,
        "median": 466.0,
        "q3": 614.0,
        "p90": 839.0,
        "p95": 1003.3999999999993,
        "max": 1533.0,
        "std": 254.30613146290918,
        "iqr": 317.0,
        "sum": 81247.0
      },
      "total_tokens_api": {
        "count": 165,
        "min": 595.0,
        "q1": 1325.0,
        "mean": 1756.3818181818183,
        "median": 1652.0,
        "q3": 2121.0,
        "p90": 2483.4,
        "p95": 2931.199999999999,
        "max": 4488.0,
        "std": 636.1936876486525,
        "iqr": 796.0,
        "sum": 289803.0
      },
      "n_evidence_rows_norm": {
        "count": 0,
        "min": null,
        "q1": null,
        "mean": null,
        "median": null,
        "q3": null,
        "p90": null,
        "p95": null,
        "max": null,
        "std": null,
        "iqr": null,
        "sum": null
      },
      "n_rows_normalized": {
        "count": 165,
        "min": 1.0,
        "q1": 5.0,
        "mean": 9.909090909090908,
        "median": 8.0,
        "q3": 12.0,
        "p90": 19.0,
        "p95": 23.0,
        "max": 40.0,
        "std": 6.939475433378638,
        "iqr": 7.0,
        "sum": 1635.0
      }
    }
  },
  "by_year": {
    "2023": {
      "n_calls": 296,
      "elapsed_s": {
        "count": 296,
        "min": 1.912709,
        "q1": 6.54994475,
        "mean": 13.279208037162162,
        "median": 10.3473865,
        "q3": 17.17309525,
        "p90": 25.702040500000003,
        "p95": 34.170402249999995,
        "max": 104.025847,
        "std": 10.574756834779885,
        "iqr": 10.6231505,
        "sum": 3930.645579
      },
      "total_tokens_api": {
        "count": 296,
        "min": 519.0,
        "q1": 1717.25,
        "mean": 7205.506756756757,
        "median": 5822.5,
        "q3": 10863.5,
        "p90": 16446.0,
        "p95": 20829.25,
        "max": 25012.0,
        "std": 6243.02343148381,
        "iqr": 9146.25,
        "sum": 2132830.0
      }
    },
    "2024": {
      "n_calls": 68,
      "elapsed_s": {
        "count": 68,
        "min": 3.612604,
        "q1": 6.9398455000000006,
        "mean": 15.006578000000001,
        "median": 11.133244,
        "q3": 18.12359225,
        "p90": 25.2723835,
        "p95": 29.058455749999997,
        "max": 78.4208,
        "std": 13.644512283619887,
        "iqr": 11.183746750000001,
        "sum": 1020.447304
      },
      "total_tokens_api": {
        "count": 68,
        "min": 872.0,
        "q1": 1736.0,
        "mean": 5347.338235294118,
        "median": 3964.5,
        "q3": 8418.5,