{
  "overall": {
    "pass1_elapsed_sum_s": {
      "count": 58,
      "min": 1.22666,
      "q1": 2.2811114999999997,
      "mean": 10.312903913793104,
      "median": 4.532379499999999,
      "q3": 8.15814625,
      "p90": 27.863389200000004,
      "p95": 43.84541074999999,
      "max": 84.122477,
      "std": 15.268580245828888,
      "iqr": 5.87703475,
      "sum": 598.148427
    },
    "pass2_elapsed_sum_s": {
      "count": 58,
      "min": 0.0,
      "q1": 0.0,
      "mean": 0.1293564655172414,
      "median": 0.0,
      "q3": 0.0,
      "p90": 0.0,
      "p95": 0.0,
      "max": 7.502675,
      "std": 0.985149491155819,
      "iqr": 0.0,
      "sum": 7.502675
    },
    "llm_total_elapsed_sum_s": {
      "count": 58,
      "min": 1.22666,
      "q1": 2.2811114999999997,
      "mean": 10.442260379310346,
      "median": 4.532379499999999,
      "q3": 8.15814625,
      "p90": 27.863389200000004,
      "p95": 43.84541074999999,
      "max": 84.122477,
      "std": 15.308509483165732,
      "iqr": 5.87703475,
      "sum": 605.651102
    },
    "doc_total_elapsed_s": {
      "count": 58,
      "min": 1.637722,
      "q1": 2.7971125,
      "mean": 11.58625855172414,
      "median": 5.113079,
      "q3": 9.296319,
      "p90": 30.618587899999998,
      "p95": 45.19244345,
      "max": 93.801407,
      "std": 16.52442173412955,
      "iqr": 6.4992065000000006,
      "sum": 672.002996
    },
    "pass1_prompt_tokens_api_sum": {
      "count": 58,
      "min": 3483.0,
      "q1": 9220.25,
      "mean": 36264.68965517241,
      "median": 19209.5,
      "q3": 41280.25,
      "p90": 102766.80000000002,
      "p95": 137652.34999999998,
      "max": 161481.0,
      "std": 41829.40964651164,
      "iqr": 32060.0,
      "sum": 2103352.0
    },
    "pass1_completion_tokens_api_sum": {
      "count": 58,
      "min": 28.0,
      "q1": 35.0,
      "mean": 122.39655172413794,
      "median": 48.0,
      "q3": 107.25,
      "p90": 220.20000000000016,
      "p95": 282.6,
      "max": 2195.0,
      "std": 286.5898064846048,
      "iqr": 72.25,
      "sum": 7099.0
    },
    "pass1_total_tokens_api_sum": {
      "count": 58,
      "min": 3530.0,
      "q1": 9254.25,
      "mean": 36387.08620689655,
      "median": 19247.0,
      "q3": 41383.75,
      "p90": 102949.50000000001,
      "p95": 137902.05,
      "max": 161767.0,
      "std": 41895.28137198809,
      "iqr": 32129.5,
      "sum": 2110451.0
    },
    "pass2_prompt_tokens_api_sum": {
      "count": 58,
      "min": 0.0,
      "q1": 0.0,
      "mean": 42.310344827586206,
      "median": 0.0,
      "q3": 0.0,
      "p90": 0.0,
      "p95": 0.0,
      "max": 2454.0,
      "std": 322.2259862377592,
      "iqr": 0.0,
      "sum": 2454.0
    },
    "pass2_completion_tokens_api_sum": {
      "count": 58,
      "min": 0.0,
      "q1": 0.0,
      "mean": 7.4655172413793105,
      "median": 0.0,
      "q3": 0.0,
      "p90": 0.0,
      "p95": 0.0,
      "max": 433.0,
      "std": 56.85568542825987,
      "iqr": 0.0,
      "sum": 433.0
    },
    "pass2_total_tokens_api_sum": {
      "count": 58,
      "min": 0.0,
      "q1": 0.0,
      "mean": 49.775862068965516,
      "median": 0.0,
      "q3": 0.0,
      "p90": 0.0,
      "p95": 0.0,
      "max": 2887.0,
      "std": 379.08167166601896,
      "iqr": 0.0,
      "sum": 2887.0
    },
    "total_prompt_tokens_api_sum": {
      "count": 58,
      "min": 3483.0,
      "q1": 9220.25,
      "mean": 36307.0,
      "median": 19209.5,
      "q3": 41280.25,
      "p90": 102766.80000000002,
      "p95": 137652.34999999998,
      "max": 161481.0,
      "std": 41823.19580404106,
      "iqr": 32060.0,
      "sum": 2105806.0
    },
    "total_completion_tokens_api_sum": {
      "count": 58,
      "min": 28.0,
      "q1": 35.0,
      "mean": 129.86206896551724,
      "median": 48.0,
      "q3": 107.25,
      "p90": 220.20000000000016,
      "p95": 282.6,
      "max": 2628.0,
      "std": 341.8410653718942,
      "iqr": 72.25,
      "sum": 7532.0
    },
    "total_tokens_api_sum": {
      "count": 58,
      "min": 3530.0,
      "q1": 9254.25,
      "mean": 36436.862068965514,
      "median": 19247.0,
      "q3": 41383.75,
      "p90": 102949.50000000001,
      "p95": 137902.05,
      "max": 161767.0,
      "std": 41890.7457977226,
      "iqr": 32129.5,
      "sum": 2113338.0
    },
    "n_chunks": {
      "count": 58,
      "min": 1.0,
      "q1": 1.0,
      "mean": 2.2758620689655173,
      "median": 1.0,
      "q3": 2.75,
      "p90": 5.300000000000004,
      "p95": 7.149999999999999,
      "max": 8.0,
      "std": 2.0156676091225507,
      "iqr": 1.75,
      "sum": 132.0
    },
    "n_evidence_rows_doc": {
      "count": 58,
      "min": 0.0,
      "q1": 0.0,
      "mean": 0.6206896551724138,
      "median": 0.0,
      "q3": 0.0,
      "p90": 0.0,
      "p95": 0.0,
      "max": 36.0,
      "std": 4.727031582950012,
      "iqr": 0.0,
      "sum": 36.0
    },
    "n_pass2_batches": {
      "count": 58,
      "min": 0.0,
      "q1": 0.0,
      "mean": 0.017241379310344827,
      "median": 0.0,
      "q3": 0.0,
      "p90": 0.0,
      "p95": 0.0,
      "max": 1.0,
      "std": 0.13130643285972254,
      "iqr": 0.0,
      "sum": 1.0
    }
  },
  "by_year": {
    "2023": {
      "n_docs": 54,
      "pass1_elapsed_sum_s": {
        "count": 54,
        "min": 1.22666,
        "q1": 2.3780945,
        "mean": 10.185926888888888,
        "median": 4.532379499999999,
        "q3": 7.909516,
        "p90": 27.992032900000005,
        "p95": 44.31695974999999,
        "max": 84.122477,
        "std": 15.548788372273812,
        "iqr": 5.5314215,
        "sum": 550.040052
      },
      "pass2_elapsed_sum_s": {
        "count": 54,
        "min": 0.0,
        "q1": 0.0,
        "mean": 0.13893842592592592,
        "median": 0.0,
        "q3": 0.0,
        "p90": 0.0,
        "p95": 0.0,
        "max": 7.502675,
        "std": 1.0209847475519878,
        "iqr": 0.0,
        "sum": 7.502675
      },
      "llm_total_elapsed_sum_s": {
        "count": 54,
        "min": 1.22666,
        "q1": 2.3780945,
        "mean": 10.324865314814813,
        "median": 4.532379499999999,
        "q3": 7.909516,
        "p90": 27.992032900000005,
        "p95": 44.31695974999999,
        "max": 84.122477,
        "std": 15.592064581209334,
        "iqr": 5.5314215,
        "sum": 557.5427269999999
      },
      "doc_total_elapsed_s": {
        "count": 54,
        "min": 1.637722,
        "q1": 2.95579625,
        "mean": 11.460387462962963,
        "median": 5.113079,
        "q3": 9.132663999999998,
        "p90": 30.547791500000002,
        "p95": 45.88314804999998,
        "max": 93.801407,
        "std": 16.82168883275744,
        "iqr": 6.176867749999998,
        "sum": 618.860923
      },
      "total_tokens_api_sum": {
        "count": 54,
        "min": 3530.0,
        "q1": 8844.0,
        "mean": 34460.62962962963,
        "median": 19247.0,
        "q3": 40531.0,
        "p90": 99952.20000000001,
        "p95": 131157.34999999998,
        "max": 161767.0,
        "std": 39726.72303222486,
        "iqr": 31687.0,
        "sum": 1860874.0
      }
    },
    "2024": {
      "n_docs": 4,
      "pass1_elapsed_sum_s": {
        "count": 4,
        "min": 2.022099,
        "q1": 2.05715175,
        "mean": 12.027093749999999,
        "median": 9.217176,
        "q3": 19.187117999999998,
        "p90": 24.266001600000003,
        "p95": 25.9589628,
        "max": 27.651924,
        "std": 12.412682295721753,
        "iqr": 17.12996625,
        "sum": 48.108374999999995
      },
      "pass2_elapsed_sum_s": {
        "count": 4,
        "min": 0.0,
        "q1": 0.0,
        "mean": 0.0,
        "median": 0.0,
        "q3": 0.0,
        "p90": 0.0,
        "p95": 0.0,
        "max": 0.0,
        "std": 0.0,
        "iqr": 0.0,
        "sum": 0.0
      },
      "llm_total_elapsed_sum_s": {
        "count": 4,
        "min": 2.022099,
        "q1": 2.05715175,
        "mean": 12.027093749999999,