{
  "overall": {
    "elapsed_s": {
      "count": 671,
      "min": 1.22666,
      "q1": 3.451351,
      "mean": 9.265459543964234,
      "median": 5.970604,
      "q3": 12.674332499999998,
      "p90": 19.484199,
      "p95": 27.479986,
      "max": 70.877138,
      "std": 8.811944848178992,
      "iqr": 9.2229815,
      "sum": 6217.123354
    },
    "prompt_tokens_est": {
      "count": 671,
      "min": 474.0,
      "q1": 2382.5,
      "mean": 12822.935916542474,
      "median": 15584.0,
      "q3": 20833.5,
      "p90": 21311.0,
      "p95": 21706.5,
      "max": 28147.0,
      "std": 8611.65479844199,
      "iqr": 18451.0,
      "sum": 8604190.0
    },
    "prompt_tokens_api": {
      "count": 671,
      "min": 480.0,
      "q1": 2380.5,
      "mean": 12681.856929955291,
      "median": 15307.0,
      "q3": 20634.5,
      "p90": 21099.0,
      "p95": 21509.0,
      "max": 28051.0,
      "std": 8514.474199615519,
      "iqr": 18254.0,
      "sum": 8509526.0
    },
    "completion_tokens_api": {
      "count": 671,
      "min": 27.0,
      "q1": 36.0,
      "mean": 458.98956780923993,
      "median": 260.0,
      "q3": 776.0,
      "p90": 1210.0,
      "p95": 1545.5,
      "max": 2367.0,
      "std": 519.0103598410635,
      "iqr": 740.0,
      "sum": 307982.0
    },
    "total_tokens_api": {
      "count": 671,
      "min": 527.0,
      "q1": 2874.5,
      "mean": 13140.84649776453,
      "median": 15765.0,
      "q3": 20929.0,
      "p90": 21802.0,
      "p95": 22433.5,
      "max": 28803.0,
      "std": 8531.149496937001,
      "iqr": 18054.5,
      "sum": 8817508.0
    }
  },
  "by_stage": {
    "pass1": {
      "n_calls": 508,
      "elapsed_s": {
        "count": 508,
        "min": 1.22666,
        "q1": 3.17219675,
        "mean": 8.83978744488189,
        "median": 4.4253775,
        "q3": 12.218268250000001,
        "p90": 20.801605800000008,
        "p95": 30.189919199999984,
        "max": 70.877138,
        "std": 9.476864722118155,
        "iqr": 9.046071500000002,
        "sum": 4490.612022
      },
      "prompt_tokens_est": {
        "count": 508,
        "min": 474.0,
        "q1": 11117.0,
        "mean": 16503.096456692914,
        "median": 20541.5,
        "q3": 21016.25,
        "p90": 21429.7,
        "p95": 21802.399999999998,
        "max": 28147.0,
        "std": 6481.728296421138,
        "iqr": 9899.25,
        "sum": 8383573.0
      },
      "prompt_tokens_api": {
        "count": 508,
        "min": 480.0,
        "q1": 11037.75,
        "mean": 16319.183070866142,
        "median": 20333.5,
        "q3": 20817.0,
        "p90": 21232.1,
        "p95": 21658.799999999996,
        "max": 28051.0,
        "std": 6411.769587757958,
        "iqr": 9779.25,
        "sum": 8290145.0
      },
      "completion_tokens_api": {
        "count": 508,
        "min": 27.0,
        "q1": 34.0,
        "mean": 429.2696850393701,
        "median": 46.0,
        "q3": 801.25,
        "p90": 1266.6,
        "p95": 1618.5499999999997,
        "max": 2367.0,
        "std": 567.4714323512787,
        "iqr": 767.25,
        "sum": 218069.0
      },
      "total_tokens_api": {
        "count": 508,
        "min": 527.0,
        "q1": 11604.25,
        "mean": 16748.452755905513,
        "median": 20428.0,
        "q3": 21233.25,
        "p90": 22080.8,
        "p95": 22725.899999999998,
        "max": 28803.0,
        "std": 6500.658392063681,
        "iqr": 9629.0,
        "sum": 8508214.0
      },
      "n_evidence_rows_norm": {
        "count": 508,
        "min": 0.0,
        "q1": 0.0,
        "mean": 5.387795275590551,
        "median": 0.0,
        "q3": 10.0,
        "p90": 18.0,
        "p95": 22.649999999999977,
        "max": 43.0,
        "std": 8.262054647808265,
        "iqr": 10.0,
        "sum": 2737.0
      },
      "n_rows_normalized": {
        "count": 0,
        "min": null,
        "q1": null,
        "mean": null,
        "median": null,
        "q3": null,
        "p90": null,
        "p95": null,
        "max": null,
        "std": null,
        "iqr": null,
        "sum": null
      }
    },
    "pass2": {
      "n_calls": 163,
      "elapsed_s": {
        "count": 163,
        "min": 2.133485,
        "q1": 6.8384795,
        "mean": 10.592094061349691,
        "median": 9.189444,
        "q3": 12.985979,
        "p90": 15.336250000000005,
        "p95": 19.392182700000006,
        "max": 41.607321,
        "std": 6.1426804416891345,
        "iqr": 6.1474995,
        "sum": 1726.5113319999996
      },
      "prompt_tokens_est": {
        "count": 163,
        "min": 497.0,
        "q1": 903.0,
        "mean": 1353.478527607362,
        "median": 1199.0,
        "q3": 1607.5,
        "p90": 2128.4000000000005,
        "p95": 2542.5,
        "max": 3812.0,
        "std": 631.347670233232,
        "iqr": 704.5,
        "sum": 220617.0
      },
      "prompt_tokens_api": {
        "count": 163,
        "min": 506.0,
        "q1": 909.0,
        "mean": 1345.8957055214723,
        "median": 1196.0,
        "q3": 1600.5,
        "p90": 2033.0000000000002,
        "p95": 2523.3,
        "max": 3774.0,
        "std": 619.959881353315,
        "iqr": 691.5,
        "sum": 219381.0
      },
      "completion_tokens_api": {
        "count": 163,
        "min": 55.0,
        "q1": 337.5,
        "mean": 551.6134969325153,
        "median": 486.0,
        "q3": 721.0,
        "p90": 947.0000000000001,
        "p95": 1059.7,
        "max": 1643.0,
        "std": 307.97912237148205,
        "iqr": 383.5,
        "sum": 89913.0
      },
      "total_tokens_api": {
        "count": 163,
        "min": 593.0,
        "q1": 1315.5,
        "mean": 1897.5092024539877,
        "median": 1716.0,
        "q3": 2345.5,
        "p90": 2895.0,
        "p95": 3497.4000000000005,
        "max": 5368.0,
        "std": 864.4697109139404,
        "iqr": 1030.0,
        "sum": 309294.0
      },
      "n_evidence_rows_norm": {
        "count": 0,
        "min": null,
        "q1": null,
        "mean": null,
        "median": null,
        "q3": null,
        "p90": null,
        "p95": null,
        "max": null,
        "std": null,
        "iqr": null,
        "sum": null
      },
      "n_rows_normalized": {
        "count": 163,
        "min": 0.0,
        "q1": 5.0,
        "mean": 11.233128834355828,
        "median": 9.0,
        "q3": 14.5,
        "p90": 21.80000000000001,
        "p95": 27.0,
        "max": 44.0,
        "std": 8.08639350409392,
        "iqr": 9.5,
        "sum": 1831.0
      }
    }
  },
  "by_year": {
    "2023": {
      "n_calls": 563,
      "elapsed_s": {
        "count": 563,
        "min": 1.22666,
        "q1": 3.3803685,
        "mean": 9.168202573712255,
        "median": 5.691168,
        "q3": 12.294704,
        "p90": 19.4575676,
        "p95": 27.924377199999977,
        "max": 70.877138,
        "std": 9.057999928409219,
        "iqr": 8.9143355,
        "sum": 5161.698049
      },
      "total_tokens_api": {
        "count": 563,
        "min": 527.0,
        "q1": 2994.0,
        "mean": 13339.827708703375,
        "median": 17023.0,
        "q3": 21082.0,
        "p90": 22025.8,
        "p95": 22633.7,
        "max": 28803.0,
        "std": 8644.106385472069,
        "iqr": 18088.0,
        "sum": 7510323.0
      }
    },
    "2024": {
      "n_calls": 108,
      "elapsed_s": {
        "count": 108,
        "min": 1.607927,
        "q1": 4.0763300000000005,
        "mean": 9.772456527777775,
        "median": 6.8185234999999995,
        "q3": 13.91604275,
        "p90": 19.476390999999992,
        "p95": 23.6420577,
        "max": 34.193426,
        "std": 7.414336373608578,
        "iqr": 9.83971275,
        "sum": 1055.4253049999998
      },
      "total_tokens_api": {
        "count": 108,
        "min": 882.0,
        "q1": 2593.0,
        "mean": 12103.564814814816,
        "median": 11538.0,
        "q3": 20345.75,
        "p90": 20973.7,
        "p95": 21247.15,
        "max": 21720.0,