{
  "elapsed_s": {
    "count": 1241,
    "min": 0.913984,
    "q1": 1.898453,
    "mean": 3.3353472522159553,
    "median": 2.62384,
    "q3": 3.863277,
    "p90": 6.15449,
    "p95": 7.718609,
    "max": 25.484796,
    "std": 2.352602106159345,
    "iqr": 1.9648240000000001,
    "sum": 4139.165940000001
  },
  "chunk_tokens_est": {
    "count": 1241,
    "min": 11.0,
    "q1": 970.0,
    "mean": 1139.6196615632555,
    "median": 1229.0,
    "q3": 1436.0,
    "p90": 1600.0,
    "p95": 1600.0,
    "max": 1600.0,
    "std": 407.4942632490096,
    "iqr": 466.0,
    "sum": 1414268.0
  },
  "prompt_tokens_est": {
    "count": 1241,
    "min": 430.0,
    "q1": 1398.0,
    "mean": 1565.2917002417405,
    "median": 1659.0,
    "q3": 1860.0,
    "p90": 2019.0,
    "p95": 2022.0,
    "max": 2038.0,
    "std": 407.307605882938,
    "iqr": 462.0,
    "sum": 1942527.0
  },
  "prompt_tokens_api": {
    "count": 1241,
    "min": 441.0,
    "q1": 1398.0,
    "mean": 1569.3456889605156,
    "median": 1662.0,
    "q3": 1861.0,
    "p90": 2022.0,
    "p95": 2030.0,
    "max": 2064.0,
    "std": 406.06157039438983,
    "iqr": 463.0,
    "sum": 1947558.0
  },
  "completion_tokens_api": {
    "count": 1241,
    "min": 30.0,
    "q1": 34.0,
    "mean": 166.52377115229655,
    "median": 79.0,
    "q3": 240.0,
    "p90": 419.0,
    "p95": 534.0,
    "max": 1499.0,
    "std": 191.86552235445424,
    "iqr": 206.0,
    "sum": 206656.0
  },
  "total_tokens_api": {
    "count": 1241,
    "min": 473.0,
    "q1": 1504.0,
    "mean": 1735.8694601128122,
    "median": 1802.0,
    "q3": 2076.0,
    "p90": 2269.0,
    "p95": 2403.0,
    "max": 3417.0,
    "std": 500.9564616750466,
    "iqr": 572.0,
    "sum": 2154214.0
  },
  "n_rows_normalized": {
    "count": 1241,
    "min": 0.0,
    "q1": 0.0,
    "mean": 2.7066881547139405,
    "median": 1.0,
    "q3": 4.0,
    "p90": 8.0,
    "p95": 11.0,
    "max": 35.0,
    "std": 4.131628056081903,
    "iqr": 4.0,
    "sum": 3359.0
  }
}