{
  "index_elapsed_s": {
    "count": 183,
    "min": 0.003317,
    "q1": 0.010629,
    "mean": 0.016337404371584697,
    "median": 0.016281,
    "q3": 0.0213505,
    "p90": 0.0240428,
    "p95": 0.0261138,
    "max": 0.052398,
    "std": 0.007049134576325353,
    "iqr": 0.010721500000000002,
    "sum": 2.9897449999999997
  },
  "retrieval_elapsed_s": {
    "count": 183,
    "min": 0.299668,
    "q1": 0.3588365,
    "mean": 0.44077184699453553,
    "median": 0.39172,
    "q3": 0.429384,
    "p90": 0.4893640000000002,
    "p95": 0.5872919000000003,
    "max": 3.115072,
    "std": 0.27564870489997123,
    "iqr": 0.07054749999999999,
    "sum": 80.661248
  },
  "extraction_elapsed_sum_s": {
    "count": 183,
    "min": 4.910496,
    "q1": 14.467512,
    "mean": 22.618393109289617,
    "median": 19.156343,
    "q3": 28.151775999999998,
    "p90": 37.1220012,
    "p95": 42.96405330000002,
    "max": 85.563657,
    "std": 12.775871994755105,
    "iqr": 13.684263999999999,
    "sum": 4139.1659389999995
  },
  "doc_total_elapsed_s": {
    "count": 183,
    "min": 6.052487,
    "q1": 16.521863,
    "mean": 24.666789420765024,
    "median": 21.314842,
    "q3": 30.249799,
    "p90": 39.511497,
    "p95": 45.66820300000001,
    "max": 88.407301,
    "std": 12.962274325428993,
    "iqr": 13.727936,
    "sum": 4514.022464
  },
  "n_index_chunks": {
    "count": 183,
    "min": 3.0,
    "q1": 6.0,
    "mean": 8.683060109289617,
    "median": 8.0,
    "q3": 10.0,
    "p90": 14.0,
    "p95": 17.0,
    "max": 58.0,
    "std": 5.512033532300233,
    "iqr": 4.0,
    "sum": 1589.0
  },
  "n_retrieved_chunks": {
    "count": 183,
    "min": 3.0,
    "q1": 6.0,
    "mean": 6.781420765027322,
    "median": 8.0,
    "q3": 8.0,
    "p90": 8.0,
    "p95": 8.0,
    "max": 8.0,
    "std": 1.539332006189935,
    "iqr": 2.0,
    "sum": 1241.0
  },
  "coverage_ratio": {
    "count": 183,
    "min": 0.13793103448275862,
    "q1": 0.8,
    "mean": 0.8840365285191849,
    "median": 1.0,
    "q3": 1.0,
    "p90": 1.0,
    "p95": 1.0,
    "max": 1.0,
    "std": 0.18921701658319384,
    "iqr": 0.19999999999999996,
    "sum": 161.77868471901084
  }
}