{
  "elapsed_s": {
    "count": 1432,
    "min": 0.819513,
    "q1": 1.93086075,
    "mean": 3.3644754029329618,
    "median": 2.700591,
    "q3": 3.8309497500000003,
    "p90": 6.109615200000003,
    "p95": 7.596469800000002,
    "max": 18.417434,
    "std": 2.274237531564156,
    "iqr": 1.9000890000000004,
    "sum": 4817.928777000001
  },
  "chunk_tokens_est": {
    "count": 1432,
    "min": 11.0,
    "q1": 921.75,
    "mean": 1119.4399441340781,
    "median": 1225.0,
    "q3": 1404.0,
    "p90": 1600.0,
    "p95": 1600.0,
    "max": 1600.0,
    "std": 419.28897489564343,
    "iqr": 482.25,
    "sum": 1603038.0
  },
  "prompt_tokens_est": {
    "count": 1432,
    "min": 430.0,
    "q1": 1348.75,
    "mean": 1545.0188547486034,
    "median": 1655.0,
    "q3": 1828.5,
    "p90": 2018.0,
    "p95": 2022.0,
    "max": 2038.0,
    "std": 419.21393987686906,
    "iqr": 479.75,
    "sum": 2212467.0
  },
  "prompt_tokens_api": {
    "count": 1432,
    "min": 441.0,
    "q1": 1351.0,
    "mean": 1548.7632681564246,
    "median": 1657.5,
    "q3": 1833.5,
    "p90": 2017.0,
    "p95": 2029.0,
    "max": 2064.0,
    "std": 417.48447269226307,
    "iqr": 482.5,
    "sum": 2217829.0
  },
  "completion_tokens_api": {
    "count": 1432,
    "min": 30.0,
    "q1": 33.0,
    "mean": 157.0013966480447,
    "median": 53.0,
    "q3": 220.25,
    "p90": 413.8000000000002,
    "p95": 526.45,
    "max": 1177.0,
    "std": 186.57077500535374,
    "iqr": 187.25,
    "sum": 224826.0
  },
  "total_tokens_api": {
    "count": 1432,
    "min": 473.0,
    "q1": 1442.75,
    "mean": 1705.7646648044692,
    "median": 1765.0,
    "q3": 2057.0,
    "p90": 2258.0,
    "p95": 2386.45,
    "max": 3191.0,
    "std": 505.57677359490094,
    "iqr": 614.25,
    "sum": 2442655.0
  },
  "n_rows_normalized": {
    "count": 1432,
    "min": 0.0,
    "q1": 0.0,
    "mean": 2.5858938547486034,
    "median": 0.0,
    "q3": 4.0,
    "p90": 8.0,
    "p95": 11.0,
    "max": 35.0,
    "std": 4.2508218513842,
    "iqr": 4.0,
    "sum": 3703.0
  }
}