{
  "index_elapsed_s": {
    "count": 183,
    "min": 0.019448,
    "q1": 0.1263785,
    "mean": 0.15022826775956283,
    "median": 0.164054,
    "q3": 0.1796165,
    "p90": 0.19668300000000002,
    "p95": 0.2105042,
    "max": 0.376933,
    "std": 0.05391282241383503,
    "iqr": 0.05323800000000001,
    "sum": 27.491773
  },
  "retrieval_elapsed_s": {
    "count": 183,
    "min": 0.284395,
    "q1": 0.3631975,
    "mean": 0.4110782131147542,
    "median": 0.386894,
    "q3": 0.429846,
    "p90": 0.48552720000000005,
    "p95": 0.5542887000000001,
    "max": 1.181318,
    "std": 0.10213133257961193,
    "iqr": 0.0666485,
    "sum": 75.22731300000001
  },
  "extraction_elapsed_sum_s": {
    "count": 183,
    "min": 4.316507,
    "q1": 15.2612475,
    "mean": 26.3274796557377,
    "median": 23.333757,
    "q3": 32.1914445,
    "p90": 43.2384652,
    "p95": 55.616727400000016,
    "max": 108.45912,
    "std": 15.714199597773307,
    "iqr": 16.930197000000003,
    "sum": 4817.928776999999
  },
  "doc_total_elapsed_s": {
    "count": 183,
    "min": 5.673137,
    "q1": 17.3737125,
    "mean": 28.733563409836066,
    "median": 25.798926,
    "q3": 34.835354499999994,
    "p90": 46.3095214,
    "p95": 58.81583930000001,
    "max": 112.394122,
    "std": 16.126458273966406,
    "iqr": 17.461641999999994,
    "sum": 5258.242104
  },
  "n_index_chunks": {
    "count": 183,
    "min": 3.0,
    "q1": 6.0,
    "mean": 8.683060109289617,
    "median": 8.0,
    "q3": 10.0,
    "p90": 14.0,
    "p95": 17.0,
    "max": 58.0,
    "std": 5.512033532300233,
    "iqr": 4.0,
    "sum": 1589.0
  },
  "n_retrieved_chunks": {
    "count": 183,
    "min": 3.0,
    "q1": 6.0,
    "mean": 7.825136612021858,
    "median": 8.0,
    "q3": 10.0,
    "p90": 12.0,
    "p95": 12.0,
    "max": 12.0,
    "std": 2.736007731240984,
    "iqr": 4.0,
    "sum": 1432.0
  },
  "coverage_ratio": {
    "count": 183,
    "min": 0.20689655172413793,
    "q1": 1.0,
    "mean": 0.9635941204820395,
    "median": 1.0,
    "q3": 1.0,
    "p90": 1.0,
    "p95": 1.0,
    "max": 1.0,
    "std": 0.11343571662374059,
    "iqr": 0.0,
    "sum": 176.33772404821323
  }
}