{
  "index_elapsed_s": {
    "count": 220,
    "min": 0.00373,
    "q1": 0.01436025,
    "mean": 0.024850109090909088,
    "median": 0.0217735,
    "q3": 0.028631,
    "p90": 0.0400589,
    "p95": 0.04813759999999996,
    "max": 0.320448,
    "std": 0.024112931013106624,
    "iqr": 0.01427075,
    "sum": 5.467023999999999
  },
  "retrieval_elapsed_s": {
    "count": 220,
    "min": 0.308662,
    "q1": 0.41960474999999997,
    "mean": 0.5701175909090909,
    "median": 0.4868445,
    "q3": 0.6265735,
    "p90": 0.8008641,
    "p95": 1.0299269999999998,
    "max": 3.207957,
    "std": 0.30664875061523844,
    "iqr": 0.20696875000000003,
    "sum": 125.42586999999999
  },
  "extraction_elapsed_sum_s": {
    "count": 220,
    "min": 4.838855,
    "q1": 16.389887,
    "mean": 23.97136440909091,
    "median": 20.195237499999998,
    "q3": 28.558346,
    "p90": 38.6667341,
    "p95": 46.10770904999999,
    "max": 78.186594,
    "std": 11.583585584534056,
    "iqr": 12.168458999999999,
    "sum": 5273.70017
  },
  "doc_total_elapsed_s": {
    "count": 220,
    "min": 6.239301,
    "q1": 18.67366925,
    "mean": 26.36105582272727,
    "median": 22.707991,
    "q3": 31.3141505,
    "p90": 41.2716123,
    "p95": 48.36161959999998,
    "max": 80.882074,
    "std": 11.698534325085514,
    "iqr": 12.64048125,
    "sum": 5799.432280999999
  },
  "n_index_chunks": {
    "count": 220,
    "min": 3.0,
    "q1": 12.0,
    "mean": 30.836363636363636,
    "median": 22.0,
    "q3": 38.5,
    "p90": 57.099999999999994,
    "p95": 83.04999999999998,
    "max": 411.0,
    "std": 36.398110060004825,
    "iqr": 26.5,
    "sum": 6784.0
  },
  "n_retrieved_chunks": {
    "count": 220,
    "min": 3.0,
    "q1": 8.0,
    "mean": 7.704545454545454,
    "median": 8.0,
    "q3": 8.0,
    "p90": 8.0,
    "p95": 8.0,
    "max": 8.0,
    "std": 0.8959458524526968,
    "iqr": 0.0,
    "sum": 1695.0
  },
  "coverage_ratio": {
    "count": 220,
    "min": 0.019464720194647202,
    "q1": 0.20789473684210524,
    "mean": 0.4644179933790227,
    "median": 0.36363636363636365,
    "q3": 0.6666666666666666,
    "p90": 1.0,
    "p95": 1.0,
    "max": 1.0,
    "std": 0.3105389192593296,
    "iqr": 0.4587719298245614,
    "sum": 102.17195854338499
  }
}