{
  "elapsed_s": {
    "count": 1695,
    "min": 0.908259,
    "q1": 1.8354875000000002,
    "mean": 3.1113275474926256,
    "median": 2.505175,
    "q3": 3.5697585,
    "p90": 5.526566400000001,
    "p95": 7.235860999999998,
    "max": 17.572701,
    "std": 2.0600451576608205,
    "iqr": 1.7342709999999997,
    "sum": 5273.700193000001
  },
  "chunk_tokens_est": {
    "count": 1695,
    "min": 11.0,
    "q1": 1204.0,
    "mean": 1220.0648967551622,
    "median": 1250.0,
    "q3": 1372.0,
    "p90": 1583.6000000000001,
    "p95": 1600.0,
    "max": 1600.0,
    "std": 305.77754920756405,
    "iqr": 168.0,
    "sum": 2068010.0
  },
  "prompt_tokens_est": {
    "count": 1695,
    "min": 430.0,
    "q1": 1630.0,
    "mean": 1645.804719764012,
    "median": 1678.0,
    "q3": 1796.5,
    "p90": 2007.6000000000001,
    "p95": 2021.0,
    "max": 2036.0,
    "std": 305.631081447902,
    "iqr": 166.5,
    "sum": 2789639.0
  },
  "prompt_tokens_api": {
    "count": 1695,
    "min": 441.0,
    "q1": 1630.0,
    "mean": 1647.4796460176992,
    "median": 1678.0,
    "q3": 1801.0,
    "p90": 2004.6000000000001,
    "p95": 2027.3,
    "max": 2057.0,
    "std": 304.8823151976835,
    "iqr": 171.0,
    "sum": 2792478.0
  },
  "completion_tokens_api": {
    "count": 1695,
    "min": 30.0,
    "q1": 33.0,
    "mean": 140.42005899705015,
    "median": 46.0,
    "q3": 203.0,
    "p90": 379.0,
    "p95": 491.0,
    "max": 1082.0,
    "std": 166.72100378744312,
    "iqr": 170.0,
    "sum": 238012.0
  },
  "total_tokens_api": {
    "count": 1695,
    "min": 473.0,
    "q1": 1678.0,
    "mean": 1787.8997050147493,
    "median": 1772.0,
    "q3": 2016.5,
    "p90": 2225.0,
    "p95": 2323.6,
    "max": 3059.0,
    "std": 377.7797898617819,
    "iqr": 338.5,
    "sum": 3030490.0
  },
  "n_rows_normalized": {
    "count": 1695,
    "min": 0.0,
    "q1": 0.0,
    "mean": 2.2224188790560473,
    "median": 0.0,
    "q3": 3.0,
    "p90": 7.0,
    "p95": 10.0,
    "max": 22.0,
    "std": 3.7406434301999956,
    "iqr": 3.0,
    "sum": 3767.0
  }
}