{
  "overall": {
    "elapsed_s": {
      "count": 1695,
      "min": 0.908259,
      "q1": 1.8354875000000002,
      "mean": 3.1113275474926256,
      "median": 2.505175,
      "q3": 3.5697585,
      "p90": 5.526566400000001,
      "p95": 7.235860999999998,
      "max": 17.572701,
      "std": 2.0600451576608205,
      "iqr": 1.7342709999999997,
      "sum": 5273.700193000001
    },
    "chunk_tokens_est": {
      "count": 1695,
      "min": 11.0,
      "q1": 1204.0,
      "mean": 1220.0648967551622,
      "median": 1250.0,
      "q3": 1372.0,
      "p90": 1583.6000000000001,
      "p95": 1600.0,
      "max": 1600.0,
      "std": 305.77754920756405,
      "iqr": 168.0,
      "sum": 2068010.0
    },
    "prompt_tokens_est": {
      "count": 1695,
      "min": 430.0,
      "q1": 1630.0,
      "mean": 1645.804719764012,
      "median": 1678.0,
      "q3": 1796.5,
      "p90": 2007.6000000000001,
      "p95": 2021.0,
      "max": 2036.0,
      "std": 305.631081447902,
      "iqr": 166.5,
      "sum": 2789639.0
    },
    "prompt_tokens_api": {
      "count": 1695,
      "min": 441.0,
      "q1": 1630.0,
      "mean": 1647.4796460176992,
      "median": 1678.0,
      "q3": 1801.0,
      "p90": 2004.6000000000001,
      "p95": 2027.3,
      "max": 2057.0,
      "std": 304.8823151976835,
      "iqr": 171.0,
      "sum": 2792478.0
    },
    "completion_tokens_api": {
      "count": 1695,
      "min": 30.0,
      "q1": 33.0,
      "mean": 140.42005899705015,
      "median": 46.0,
      "q3": 203.0,
      "p90": 379.0,
      "p95": 491.0,
      "max": 1082.0,
      "std": 166.72100378744312,
      "iqr": 170.0,
      "sum": 238012.0
    },
    "total_tokens_api": {
      "count": 1695,
      "min": 473.0,
      "q1": 1678.0,
      "mean": 1787.8997050147493,
      "median": 1772.0,
      "q3": 2016.5,
      "p90": 2225.0,
      "p95": 2323.6,
      "max": 3059.0,
      "std": 377.7797898617819,
      "iqr": 338.5,
      "sum": 3030490.0
    },
    "n_rows_normalized": {
      "count": 1695,
      "min": 0.0,
      "q1": 0.0,
      "mean": 2.2224188790560473,
      "median": 0.0,
      "q3": 3.0,
      "p90": 7.0,
      "p95": 10.0,
      "max": 22.0,
      "std": 3.7406434301999956,
      "iqr": 3.0,
      "sum": 3767.0
    }
  },
  "by_year": {
    "2023": {
      "n_calls": 1433,
      "elapsed_s": {
        "count": 1433,
        "min": 0.908259,
        "q1": 1.823265,
        "mean": 3.0199353893928818,
        "median": 2.439973,
        "q3": 3.554486,
        "p90": 5.439173999999999,
        "p95": 6.727578799999997,
        "max": 15.741978,
        "std": 1.9368275895367466,
        "iqr": 1.731221,
        "sum": 4327.567413
      },
      "completion_tokens_api": {
        "count": 1433,
        "min": 30.0,
        "q1": 33.0,
        "mean": 131.68527564549896,
        "median": 45.0,
        "q3": 187.0,
        "p90": 336.5999999999999,
        "p95": 458.7999999999997,
        "max": 1082.0,
        "std": 156.72193434942776,
        "iqr": 154.0,
        "sum": 188705.0
      },
      "total_tokens_api": {
        "count": 1433,
        "min": 473.0,
        "q1": 1680.0,
        "mean": 1787.4340544312631,
        "median": 1770.0,
        "q3": 2017.0,
        "p90": 2217.3999999999996,
        "p95": 2315.0,
        "max": 3059.0,
        "std": 378.56278493213676,
        "iqr": 337.0,
        "sum": 2561393.0
      },
      "n_rows_normalized": {
        "count": 1433,
        "min": 0.0,
        "q1": 0.0,
        "mean": 2.013956734124215,
        "median": 0.0,
        "q3": 3.0,
        "p90": 6.0,
        "p95": 9.0,
        "max": 22.0,
        "std": 3.480163346327464,
        "iqr": 3.0,
        "sum": 2886.0
      }
    },
    "2024": {
      "n_calls": 262,
      "elapsed_s": {
        "count": 262,
        "min": 1.040007,
        "q1": 2.02286,
        "mean": 3.611193816793893,
        "median": 2.7478635000000002,
        "q3": 4.08538925,
        "p90": 6.758976900000001,
        "p95": 9.590127099999993,
        "max": 17.572701,
        "std": 2.5817486736375836,
        "iqr": 2.0625292500000003,
        "sum": 946.13278
      },
      "completion_tokens_api": {
        "count": 262,
        "min": 30.0,
        "q1": 34.0,
        "mean": 188.1946564885496,
        "median": 53.0,
        "q3": 321.25,
        "p90": 512.2,
        "p95": 614.3999999999999,
        "max": 937.0,
        "std": 207.2116569499293,
        "iqr": 287.25,
        "sum": 49307.0
      },
      "total_tokens_api": {
        "count": 262,
        "min": 499.0,
        "q1": 1612.75,
        "mean": 1790.4465648854962,
        "median": 1797.5,
        "q3": 2013.0,
        "p90": 2281.8,
        "p95": 2366.95,
        "max": 2766.0,
        "std": 374.17569557192934,
        "iqr": 400.25,
        "sum": 469097.0
      },
      "n_rows_normalized": {
        "count": 262,
        "min": 0.0,
        "q1": 0.0,
        "mean": 3.3625954198473282,
        "median": 0.0,
        "q3": 6.0,
        "p90": 10.0,
        "p95": 14.0,
        "max": 19.0,
        "std": 4.777242281138696,
        "iqr": 6.0,
        "sum": 881.0
      }
    }
  }
}