{
  "overall": {
    "index_elapsed_s": {
      "count": 220,
      "min": 0.00373,
      "q1": 0.01436025,
      "mean": 0.02485010909090909,
      "median": 0.0217735,
      "q3": 0.028631,
      "p90": 0.0400589,
      "p95": 0.04813759999999996,
      "max": 0.320448,
      "std": 0.02411293101310663,
      "iqr": 0.01427075,
      "sum": 5.467024
    },
    "retrieval_elapsed_s": {
      "count": 220,
      "min": 0.308662,
      "q1": 0.41960474999999997,
      "mean": 0.5701175909090909,
      "median": 0.4868445,
      "q3": 0.6265735,
      "p90": 0.8008641,
      "p95": 1.0299269999999998,
      "max": 3.207957,
      "std": 0.3066487506152384,
      "iqr": 0.20696875000000003,
      "sum": 125.42586999999999
    },
    "extraction_elapsed_sum_s": {
      "count": 220,
      "min": 4.838855,
      "q1": 16.389887,
      "mean": 23.97136440909091,
      "median": 20.195237499999998,
      "q3": 28.558346,
      "p90": 38.6667341,
      "p95": 46.10770904999999,
      "max": 78.186594,
      "std": 11.583585584534056,
      "iqr": 12.168458999999999,
      "sum": 5273.70017
    },
    "doc_total_elapsed_s": {
      "count": 220,
      "min": 6.239301,
      "q1": 18.67366925,
      "mean": 26.36105582272727,
      "median": 22.707991,
      "q3": 31.3141505,
      "p90": 41.2716123,
      "p95": 48.36161959999998,
      "max": 80.882074,
      "std": 11.698534325085514,
      "iqr": 12.64048125,
      "sum": 5799.432280999999
    },
    "n_index_chunks": {
      "count": 220,
      "min": 3.0,
      "q1": 12.0,
      "mean": 30.836363636363636,
      "median": 22.0,
      "q3": 38.5,
      "p90": 57.099999999999994,
      "p95": 83.04999999999998,
      "max": 411.0,
      "std": 36.398110060004825,
      "iqr": 26.5,
      "sum": 6784.0
    },
    "n_retrieved_chunks": {
      "count": 220,
      "min": 3.0,
      "q1": 8.0,
      "mean": 7.704545454545454,
      "median": 8.0,
      "q3": 8.0,
      "p90": 8.0,
      "p95": 8.0,
      "max": 8.0,
      "std": 0.895945852452697,
      "iqr": 0.0,
      "sum": 1695.0
    },
    "n_llm_calls_ok": {
      "count": 220,
      "min": 3.0,
      "q1": 8.0,
      "mean": 7.704545454545454,
      "median": 8.0,
      "q3": 8.0,
      "p90": 8.0,
      "p95": 8.0,
      "max": 8.0,
      "std": 0.895945852452697,
      "iqr": 0.0,
      "sum": 1695.0
    },
    "n_llm_calls_error": {
      "count": 220,
      "min": 0.0,
      "q1": 0.0,
      "mean": 0.0,
      "median": 0.0,
      "q3": 0.0,
      "p90": 0.0,
      "p95": 0.0,
      "max": 0.0,
      "std": 0.0,
      "iqr": 0.0,
      "sum": 0.0
    }
  },
  "by_year": {
    "2023": {
      "n_docs": 185,
      "index_elapsed_s": {
        "count": 185,
        "min": 0.004203,
        "q1": 0.013375,
        "mean": 0.02370078918918919,
        "median": 0.02171,
        "q3": 0.029706,
        "p90": 0.0397768,
        "p95": 0.0467778,
        "max": 0.092803,
        "std": 0.013942781826009778,
        "iqr": 0.016331,
        "sum": 4.384646
      },
      "retrieval_elapsed_s": {
        "count": 185,
        "min": 0.308662,
        "q1": 0.425518,
        "mean": 0.5730609621621622,
        "median": 0.503621,
        "q3": 0.653565,
        "p90": 0.8021896,
        "p95": 1.0106039999999987,
        "max": 2.716757,
        "std": 0.25297848750794666,
        "iqr": 0.22804699999999994,
        "sum": 106.016278
      },
      "extraction_elapsed_sum_s": {
        "count": 185,
        "min": 4.838855,
        "q1": 16.037448,
        "mean": 23.39225618918919,
        "median": 19.908818,
        "q3": 28.492816,
        "p90": 38.2841666,
        "p95": 45.01568639999999,
        "max": 78.186594,
        "std": 11.096556168752294,
        "iqr": 12.455368,
        "sum": 4327.567395
      },
      "doc_total_elapsed_s": {
        "count": 185,
        "min": 6.239301,
        "q1": 18.504755,
        "mean": 25.814182821621618,
        "median": 22.520901,
        "q3": 30.71251,
        "p90": 41.137643000000004,
        "p95": 47.50201159999999,
        "max": 80.882074,
        "std": 11.221614991370963,
        "iqr": 12.207755000000002,
        "sum": 4775.623822
      }
    },
    "2024": {
      "n_docs": 35,
      "index_elapsed_s": {
        "count": 35,
        "min": 0.00373,
        "q1": 0.017223000000000002,
        "mean": 0.030925085714285715,
        "median": 0.022291,
        "q3": 0.0256495,
        "p90": 0.03816680000000002,
        "p95": 0.0523026,
        "max": 0.320448,
        "std": 0.05145759227716573,
        "iqr": 0.008426499999999996,
        "sum": 1.082378
      },
      "retrieval_elapsed_s": {
        "count": 35,
        "min": 0.317945,
        "q1": 0.395019,
        "mean": 0.5545597714285714,
        "median": 0.419984,
        "q3": 0.462198,
        "p90": 0.6403862000000002,
        "p95": 1.1665206999999986,
        "max": 3.207957,
        "std": 0.5089666404476754,
        "iqr": 0.06717899999999999,
        "sum": 19.409592
      },
      "extraction_elapsed_sum_s": {
        "count": 35,
        "min": 13.124185,
        "q1": 18.392088,
        "mean": 27.032365,
        "median": 23.397879,
        "q3": 30.841706,
        "p90": 40.377959800000006,
        "p95": 53.34952939999994,
        "max": 70.787717,
        "std": 13.654069303637817,
        "iqr": 12.449617999999997,
        "sum": 946.1327749999999
      },
      "doc_total_elapsed_s": {
        "count": 35,
        "min": 15.152863,
        "q1": 20.631813,
        "mean": 29.251670257142862,
        "median": 25.09766,
        "q3": 33.876772,
        "p90": 42.46585880000001,
        "p95": 55.515035799999936,
        "max": 73.007055,
        "std": 13.777100971557788,
        "iqr": 13.244959000000001,
        "sum": 1023.8084590000002
      }
    }
  }
}