{
  "overall": {
    "elapsed_s": {
      "count": 192,
      "min": 1.916838,
      "q1": 3.8844434999999997,
      "mean": 12.709791901041667,
      "median": 5.4223045,
      "q3": 11.097808,
      "p90": 35.3434882,
      "p95": 39.47768399999999,
      "max": 75.058074,
      "std": 14.853440116414722,
      "iqr": 7.213364500000001,
      "sum": 2440.280045
    },
    "chunk_tokens_est": {
      "count": 192,
      "min": 261.0,
      "q1": 6595.75,
      "mean": 10293.338541666666,
      "median": 8443.0,
      "q3": 11939.75,
      "p90": 18690.600000000002,
      "p95": 23651.94999999999,
      "max": 33343.0,
      "std": 5800.5707017449,
      "iqr": 5344.0,
      "sum": 1976321.0
    },
    "prompt_tokens_est": {
      "count": 192,
      "min": 684.0,
      "q1": 7017.0,
      "mean": 10713.635416666666,
      "median": 8860.0,
      "q3": 12358.75,
      "p90": 19109.100000000002,
      "p95": 24073.34999999999,
      "max": 33762.0,
      "std": 5800.539962444175,
      "iqr": 5341.75,
      "sum": 2057018.0
    },
    "prompt_tokens_api": {
      "count": 192,
      "min": 694.0,
      "q1": 7006.5,
      "mean": 10659.447916666666,
      "median": 8803.0,
      "q3": 12319.5,
      "p90": 19077.900000000005,
      "p95": 23911.89999999999,
      "max": 33446.0,
      "std": 5766.885981530647,
      "iqr": 5313.0,
      "sum": 2046614.0
    },
    "completion_tokens_api": {
      "count": 192,
      "min": 32.0,
      "q1": 183.5,
      "mean": 404.890625,
      "median": 352.0,
      "q3": 509.0,
      "p90": 820.8000000000002,
      "p95": 1100.4999999999995,
      "max": 1787.0,
      "std": 327.7121766077506,
      "iqr": 325.5,
      "sum": 77739.0
    },
    "total_tokens_api": {
      "count": 192,
      "min": 729.0,
      "q1": 7433.5,
      "mean": 11064.338541666666,
      "median": 9241.5,
      "q3": 12792.5,
      "p90": 19225.7,
      "p95": 24249.59999999999,
      "max": 33478.0,
      "std": 5793.984636096607,
      "iqr": 5359.0,
      "sum": 2124353.0
    },
    "n_rows_normalized": {
      "count": 192,
      "min": 0.0,
      "q1": 3.0,
      "mean": 8.536458333333334,
      "median": 7.0,
      "q3": 11.0,
      "p90": 19.900000000000006,
      "p95": 23.0,
      "max": 54.0,
      "std": 7.964497398112295,
      "iqr": 8.0,
      "sum": 1639.0
    }
  },
  "by_year": {
    "2023": {
      "n_calls": 158,
      "elapsed_s": {
        "count": 158,
        "min": 1.916838,
        "q1": 3.85479225,
        "mean": 13.300660683544303,
        "median": 5.322811,
        "q3": 12.23427675,
        "p90": 35.3965052,
        "p95": 40.01478355,
        "max": 75.058074,
        "std": 15.586928873872775,
        "iqr": 8.3794845,
        "sum": 2101.504388
      },
      "completion_tokens_api": {
        "count": 158,
        "min": 32.0,
        "q1": 160.0,
        "mean": 378.44303797468353,
        "median": 322.0,
        "q3": 483.5,
        "p90": 720.3000000000002,
        "p95": 1091.5000000000002,
        "max": 1787.0,
        "std": 322.12405122556913,
        "iqr": 323.5,
        "sum": 59794.0
      },
      "total_tokens_api": {
        "count": 158,
        "min": 729.0,
        "q1": 7816.25,
        "mean": 11691.816455696202,
        "median": 9667.5,
        "q3": 14165.75,
        "p90": 21256.600000000017,
        "p95": 25386.15,
        "max": 33478.0,
        "std": 6076.6900758718,
        "iqr": 6349.5,
        "sum": 1847307.0
      },
      "n_rows_normalized": {
        "count": 158,
        "min": 0.0,
        "q1": 3.0,
        "mean": 7.962025316455696,
        "median": 6.0,
        "q3": 10.0,
        "p90": 16.30000000000001,
        "p95": 23.0,
        "max": 54.0,
        "std": 7.759018648918138,
        "iqr": 7.0,
        "sum": 1258.0
      }
    },
    "2024": {
      "n_calls": 34,
      "elapsed_s": {
        "count": 34,
        "min": 2.434246,
        "q1": 4.0435757500000005,
        "mean": 9.963989911764704,
        "median": 6.3864635,
        "q3": 8.367768,
        "p90": 29.774981199999992,
        "p95": 36.906936099999996,
        "max": 38.892015,
        "std": 10.566230976479748,
        "iqr": 4.324192249999999,
        "sum": 338.77565699999997
      },
      "completion_tokens_api": {
        "count": 34,
        "min": 125.0,
        "q1": 254.0,
        "mean": 527.7941176470588,
        "median": 437.5,
        "q3": 654.75,
        "p90": 961.4,
        "p95": 1072.1499999999996,
        "max": 1478.0,
        "std": 330.1729371847394,
        "iqr": 400.75,
        "sum": 17945.0
      },
      "total_tokens_api": {
        "count": 34,
        "min": 4474.0,
        "q1": 6883.0,
        "mean": 8148.411764705882,
        "median": 7211.0,
        "q3": 8569.25,
        "p90": 11955.199999999999,
        "p95": 13639.949999999995,
        "max": 17015.0,
        "std": 2824.2097325076143,
        "iqr": 1686.25,
        "sum": 277046.0
      },
      "n_rows_normalized": {
        "count": 34,
        "min": 3.0,
        "q1": 6.0,
        "mean": 11.205882352941176,
        "median": 8.5,
        "q3": 12.0,
        "p90": 21.7,
        "p95": 27.39999999999999,
        "max": 41.0,
        "std": 8.47377205465338,
        "iqr": 6.0,
        "sum": 381.0
      }
    }
  }
}