{
  "elapsed_s": {
    "count": 2391,
    "min": 0.81729,
    "q1": 1.8318625,
    "mean": 3.1128802701798413,
    "median": 2.460566,
    "q3": 3.5540155,
    "p90": 5.626493,
    "p95": 7.221527999999999,
    "max": 20.617305,
    "std": 2.0915494109012127,
    "iqr": 1.7221530000000003,
    "sum": 7442.896726
  },
  "chunk_tokens_est": {
    "count": 2391,
    "min": 11.0,
    "q1": 1205.0,
    "mean": 1209.909661229611,
    "median": 1244.0,
    "q3": 1344.5,
    "p90": 1550.0,
    "p95": 1600.0,
    "max": 1600.0,
    "std": 301.619717127674,
    "iqr": 139.5,
    "sum": 2892894.0
  },
  "prompt_tokens_est": {
    "count": 2391,
    "min": 430.0,
    "q1": 1631.0,
    "mean": 1635.6511919698871,
    "median": 1672.0,
    "q3": 1770.0,
    "p90": 1974.0,
    "p95": 2020.0,
    "max": 2037.0,
    "std": 301.62024607562546,
    "iqr": 139.0,
    "sum": 3910842.0
  },
  "prompt_tokens_api": {
    "count": 2391,
    "min": 441.0,
    "q1": 1629.0,
    "mean": 1636.5257214554579,
    "median": 1672.0,
    "q3": 1768.5,
    "p90": 1977.0,
    "p95": 2024.0,
    "max": 2068.0,
    "std": 300.35852507460453,
    "iqr": 139.5,
    "sum": 3912933.0
  },
  "completion_tokens_api": {
    "count": 2391,
    "min": 25.0,
    "q1": 33.0,
    "mean": 122.85738184859892,
    "median": 43.0,
    "q3": 153.5,
    "p90": 352.0,
    "p95": 473.0,
    "max": 1222.0,
    "std": 162.758396253877,
    "iqr": 120.5,
    "sum": 293752.0
  },
  "total_tokens_api": {
    "count": 2391,
    "min": 473.0,
    "q1": 1673.0,
    "mean": 1759.383103304057,
    "median": 1740.0,
    "q3": 1944.0,
    "p90": 2183.0,
    "p95": 2307.5,
    "max": 3242.0,
    "std": 367.0949753849485,
    "iqr": 271.0,
    "sum": 4206685.0
  },
  "n_rows_normalized": {
    "count": 2391,
    "min": 0.0,
    "q1": 0.0,
    "mean": 1.7829360100376412,
    "median": 0.0,
    "q3": 2.0,
    "p90": 6.0,
    "p95": 9.0,
    "max": 23.0,
    "std": 3.501006656741447,
    "iqr": 2.0,
    "sum": 4263.0
  }
}