{
  "index_elapsed_s": {
    "count": 220,
    "min": 0.019764,
    "q1": 0.13327875,
    "mean": 0.16241518181818182,
    "median": 0.1695065,
    "q3": 0.191895,
    "p90": 0.2211155,
    "p95": 0.2497385,
    "max": 0.48736,
    "std": 0.061562973763950486,
    "iqr": 0.05861625000000001,
    "sum": 35.73134
  },
  "retrieval_elapsed_s": {
    "count": 220,
    "min": 0.320257,
    "q1": 0.42286,
    "mean": 0.5449779318181818,
    "median": 0.48255499999999996,
    "q3": 0.56923475,
    "p90": 0.7514811999999998,
    "p95": 0.9600582,
    "max": 3.626812,
    "std": 0.26942010350237927,
    "iqr": 0.14637475,
    "sum": 119.895145
  },
  "extraction_elapsed_sum_s": {
    "count": 220,
    "min": 5.309885,
    "q1": 23.636792999999997,
    "mean": 33.83134879090909,
    "median": 29.5739905,
    "q3": 42.66464975,
    "p90": 55.720991,
    "p95": 64.50854709999999,
    "max": 88.84158,
    "std": 15.920786359558448,
    "iqr": 19.027856750000005,
    "sum": 7442.896734
  },
  "doc_total_elapsed_s": {
    "count": 220,
    "min": 7.160749,
    "q1": 27.05468725,
    "mean": 37.04901048636364,
    "median": 32.751348500000006,
    "q3": 46.22520575,
    "p90": 59.1589482,
    "p95": 68.02691795,
    "max": 92.190067,
    "std": 16.221280111863404,
    "iqr": 19.1705185,
    "sum": 8150.782307000001
  },
  "n_index_chunks": {
    "count": 220,
    "min": 3.0,
    "q1": 12.0,
    "mean": 30.836363636363636,
    "median": 22.0,
    "q3": 38.5,
    "p90": 57.099999999999994,
    "p95": 83.04999999999998,
    "max": 411.0,
    "std": 36.398110060004825,
    "iqr": 26.5,
    "sum": 6784.0
  },
  "n_retrieved_chunks": {
    "count": 220,
    "min": 3.0,
    "q1": 12.0,
    "mean": 10.868181818181819,
    "median": 12.0,
    "q3": 12.0,
    "p90": 12.0,
    "p95": 12.0,
    "max": 12.0,
    "std": 2.2545512292538428,
    "iqr": 0.0,
    "sum": 2391.0
  },
  "coverage_ratio": {
    "count": 220,
    "min": 0.029197080291970802,
    "q1": 0.31184210526315786,
    "mean": 0.5953184501236305,
    "median": 0.5454545454545454,
    "q3": 1.0,
    "p90": 1.0,
    "p95": 1.0,
    "max": 1.0,
    "std": 0.31309273535139265,
    "iqr": 0.6881578947368421,
    "sum": 130.97005902719872
  }
}