{
  "overall": {
    "elapsed_s": {
      "count": 1241,
      "min": 0.913984,
      "q1": 1.898453,
      "mean": 3.335347252215955,
      "median": 2.62384,
      "q3": 3.863277,
      "p90": 6.15449,
      "p95": 7.718609,
      "max": 25.484796,
      "std": 2.352602106159345,
      "iqr": 1.9648240000000001,
      "sum": 4139.16594
    },
    "chunk_tokens_est": {
      "count": 1241,
      "min": 11.0,
      "q1": 970.0,
      "mean": 1139.6196615632555,
      "median": 1229.0,
      "q3": 1436.0,
      "p90": 1600.0,
      "p95": 1600.0,
      "max": 1600.0,
      "std": 407.4942632490096,
      "iqr": 466.0,
      "sum": 1414268.0
    },
    "prompt_tokens_est": {
      "count": 1241,
      "min": 430.0,
      "q1": 1398.0,
      "mean": 1565.2917002417405,
      "median": 1659.0,
      "q3": 1860.0,
      "p90": 2019.0,
      "p95": 2022.0,
      "max": 2038.0,
      "std": 407.307605882938,
      "iqr": 462.0,
      "sum": 1942527.0
    },
    "prompt_tokens_api": {
      "count": 1241,
      "min": 441.0,
      "q1": 1398.0,
      "mean": 1569.3456889605156,
      "median": 1662.0,
      "q3": 1861.0,
      "p90": 2022.0,
      "p95": 2030.0,
      "max": 2064.0,
      "std": 406.06157039438983,
      "iqr": 463.0,
      "sum": 1947558.0
    },
    "completion_tokens_api": {
      "count": 1241,
      "min": 30.0,
      "q1": 34.0,
      "mean": 166.52377115229655,
      "median": 79.0,
      "q3": 240.0,
      "p90": 419.0,
      "p95": 534.0,
      "max": 1499.0,
      "std": 191.86552235445424,
      "iqr": 206.0,
      "sum": 206656.0
    },
    "total_tokens_api": {
      "count": 1241,
      "min": 473.0,
      "q1": 1504.0,
      "mean": 1735.8694601128122,
      "median": 1802.0,
      "q3": 2076.0,
      "p90": 2269.0,
      "p95": 2403.0,
      "max": 3417.0,
      "std": 500.9564616750466,
      "iqr": 572.0,
      "sum": 2154214.0
    },
    "n_rows_normalized": {
      "count": 1241,
      "min": 0.0,
      "q1": 0.0,
      "mean": 2.7066881547139405,
      "median": 1.0,
      "q3": 4.0,
      "p90": 8.0,
      "p95": 11.0,
      "max": 35.0,
      "std": 4.131628056081903,
      "iqr": 4.0,
      "sum": 3359.0
    }
  },
  "by_year": {
    "2023": {
      "n_calls": 1029,
      "elapsed_s": {
        "count": 1029,
        "min": 0.913984,
        "q1": 1.887462,
        "mean": 3.2070459854227407,
        "median": 2.554246,
        "q3": 3.643497,
        "p90": 5.7550216,
        "p95": 7.181580999999996,
        "max": 25.484796,
        "std": 2.211223045778783,
        "iqr": 1.756035,
        "sum": 3300.050319
      },
      "completion_tokens_api": {
        "count": 1029,
        "min": 30.0,
        "q1": 34.0,
        "mean": 155.7444120505345,
        "median": 77.0,
        "q3": 220.0,
        "p90": 383.8000000000002,
        "p95": 505.0,
        "max": 1499.0,
        "std": 180.90319707628578,
        "iqr": 186.0,
        "sum": 160261.0
      },
      "total_tokens_api": {
        "count": 1029,
        "min": 473.0,
        "q1": 1477.0,
        "mean": 1729.1438289601556,
        "median": 1800.0,
        "q3": 2082.0,
        "p90": 2267.0,
        "p95": 2404.7999999999997,
        "max": 3417.0,
        "std": 511.8470051929712,
        "iqr": 605.0,
        "sum": 1779289.0
      },
      "n_rows_normalized": {
        "count": 1029,
        "min": 0.0,
        "q1": 0.0,
        "mean": 2.456754130223518,
        "median": 0.0,
        "q3": 4.0,
        "p90": 7.0,
        "p95": 10.0,
        "max": 35.0,
        "std": 3.895188786151657,
        "iqr": 4.0,
        "sum": 2528.0
      }
    },
    "2024": {
      "n_calls": 212,
      "elapsed_s": {
        "count": 212,
        "min": 0.940355,
        "q1": 1.9485805,
        "mean": 3.9580925518867924,
        "median": 2.9057735,
        "q3": 4.6444675,
        "p90": 7.771605200000001,
        "p95": 10.1048166,
        "max": 16.365643,
        "std": 2.8696031018567973,
        "iqr": 2.695887,
        "sum": 839.115621
      },
      "completion_tokens_api": {
        "count": 212,
        "min": 31.0,
        "q1": 37.0,
        "mean": 218.8443396226415,
        "median": 126.5,
        "q3": 337.0,
        "p90": 514.9,
        "p95": 677.2499999999995,
        "max": 1194.0,
        "std": 231.47122555870124,
        "iqr": 300.0,
        "sum": 46395.0
      },
      "total_tokens_api": {
        "count": 212,
        "min": 500.0,
        "q1": 1577.25,
        "mean": 1768.5141509433963,
        "median": 1806.0,
        "q3": 2026.25,
        "p90": 2289.3,
        "p95": 2378.6,
        "max": 3147.0,
        "std": 443.9785388132672,
        "iqr": 449.0,
        "sum": 374925.0
      },
      "n_rows_normalized": {
        "count": 212,
        "min": 0.0,
        "q1": 0.0,
        "mean": 3.919811320754717,
        "median": 1.0,
        "q3": 6.25,
        "p90": 10.900000000000006,
        "p95": 16.0,
        "max": 19.0,
        "std": 4.961289386973212,
        "iqr": 6.25,
        "sum": 831.0
      }
    }
  }
}