{
  "overall": {
    "index_elapsed_s": {
      "count": 183,
      "min": 0.003317,
      "q1": 0.010629,
      "mean": 0.0163374043715847,
      "median": 0.016281,
      "q3": 0.0213505,
      "p90": 0.0240428,
      "p95": 0.0261138,
      "max": 0.052398,
      "std": 0.007049134576325354,
      "iqr": 0.010721500000000002,
      "sum": 2.989745
    },
    "retrieval_elapsed_s": {
      "count": 183,
      "min": 0.299668,
      "q1": 0.3588365,
      "mean": 0.44077184699453553,
      "median": 0.39172,
      "q3": 0.429384,
      "p90": 0.4893640000000002,
      "p95": 0.5872919000000003,
      "max": 3.115072,
      "std": 0.2756487048999712,
      "iqr": 0.07054749999999999,
      "sum": 80.661248
    },
    "extraction_elapsed_sum_s": {
      "count": 183,
      "min": 4.910496,
      "q1": 14.467512,
      "mean": 22.618393109289617,
      "median": 19.156343,
      "q3": 28.151775999999998,
      "p90": 37.1220012,
      "p95": 42.96405330000002,
      "max": 85.563657,
      "std": 12.775871994755105,
      "iqr": 13.684263999999999,
      "sum": 4139.1659389999995
    },
    "doc_total_elapsed_s": {
      "count": 183,
      "min": 6.052487,
      "q1": 16.521863,
      "mean": 24.666789420765035,
      "median": 21.314842,
      "q3": 30.249799,
      "p90": 39.511497,
      "p95": 45.66820300000001,
      "max": 88.407301,
      "std": 12.962274325428991,
      "iqr": 13.727936,
      "sum": 4514.0224640000015
    },
    "n_index_chunks": {
      "count": 183,
      "min": 3.0,
      "q1": 6.0,
      "mean": 8.683060109289617,
      "median": 8.0,
      "q3": 10.0,
      "p90": 14.0,
      "p95": 17.0,
      "max": 58.0,
      "std": 5.512033532300234,
      "iqr": 4.0,
      "sum": 1589.0
    },
    "n_retrieved_chunks": {
      "count": 183,
      "min": 3.0,
      "q1": 6.0,
      "mean": 6.781420765027322,
      "median": 8.0,
      "q3": 8.0,
      "p90": 8.0,
      "p95": 8.0,
      "max": 8.0,
      "std": 1.539332006189935,
      "iqr": 2.0,
      "sum": 1241.0
    },
    "n_llm_calls_ok": {
      "count": 183,
      "min": 3.0,
      "q1": 6.0,
      "mean": 6.781420765027322,
      "median": 8.0,
      "q3": 8.0,
      "p90": 8.0,
      "p95": 8.0,
      "max": 8.0,
      "std": 1.539332006189935,
      "iqr": 2.0,
      "sum": 1241.0
    },
    "n_llm_calls_error": {
      "count": 183,
      "min": 0.0,
      "q1": 0.0,
      "mean": 0.0,
      "median": 0.0,
      "q3": 0.0,
      "p90": 0.0,
      "p95": 0.0,
      "max": 0.0,
      "std": 0.0,
      "iqr": 0.0,
      "sum": 0.0
    }
  },
  "by_year": {
    "2023": {
      "n_docs": 149,
      "index_elapsed_s": {
        "count": 149,
        "min": 0.003556,
        "q1": 0.010759,
        "mean": 0.016617020134228187,
        "median": 0.016462,
        "q3": 0.021394,
        "p90": 0.0240182,
        "p95": 0.0250206,
        "max": 0.052398,
        "std": 0.007001996544876092,
        "iqr": 0.010635,
        "sum": 2.475936
      },
      "retrieval_elapsed_s": {
        "count": 149,
        "min": 0.299668,
        "q1": 0.362038,
        "mean": 0.44171663758389257,
        "median": 0.393963,
        "q3": 0.429813,
        "p90": 0.5006346000000003,
        "p95": 0.6073025999999999,
        "max": 3.115072,
        "std": 0.2739764955553673,
        "iqr": 0.06777499999999997,
        "sum": 65.81577899999999
      },
      "extraction_elapsed_sum_s": {
        "count": 149,
        "min": 4.910496,
        "q1": 14.436883,
        "mean": 22.14798868456376,
        "median": 19.311448,
        "q3": 27.457265,
        "p90": 34.35814820000004,
        "p95": 40.17232659999999,
        "max": 85.563657,
        "std": 12.105513623169415,
        "iqr": 13.020382,
        "sum": 3300.050314
      },
      "doc_total_elapsed_s": {
        "count": 149,
        "min": 6.052487,
        "q1": 16.567754,
        "mean": 24.251009684563755,
        "median": 21.423271,
        "q3": 29.719727,
        "p90": 36.65799060000005,
        "p95": 42.579063199999986,
        "max": 88.407301,
        "std": 12.314503905813867,
        "iqr": 13.151972999999998,
        "sum": 3613.4004429999995
      }
    },
    "2024": {
      "n_docs": 34,
      "index_elapsed_s": {
        "count": 34,
        "min": 0.003317,
        "q1": 0.00838525,
        "mean": 0.015112029411764708,
        "median": 0.0150395,
        "q3": 0.020035249999999998,
        "p90": 0.025990199999999998,
        "p95": 0.027208899999999998,
        "max": 0.027398,
        "std": 0.0072295580253244375,
        "iqr": 0.011649999999999997,
        "sum": 0.5138090000000001
      },
      "retrieval_elapsed_s": {
        "count": 34,
        "min": 0.314025,
        "q1": 0.350894,
        "mean": 0.43663144117647057,
        "median": 0.384439,
        "q3": 0.42086999999999997,
        "p90": 0.4612581,
        "p95": 0.5061156499999999,
        "max": 2.036235,
        "std": 0.2870278367703068,
        "iqr": 0.06997599999999998,
        "sum": 14.845469
      },
      "extraction_elapsed_sum_s": {
        "count": 34,
        "min": 8.139022,
        "q1": 14.764301,
        "mean": 24.67987132352941,
        "median": 18.334944,
        "q3": 31.611167000000002,
        "p90": 38.7008019,
        "p95": 59.23553764999999,
        "max": 72.918652,
        "std": 15.414157550385221,
        "iqr": 16.846866000000002,
        "sum": 839.115625
      },
      "doc_total_elapsed_s": {
        "count": 34,
        "min": 9.384176,
        "q1": 16.08069475,
        "mean": 26.488882970588236,
        "median": 20.1231545,
        "q3": 33.35739075,
        "p90": 40.5149545,
        "p95": 61.240054849999986,
        "max": 75.044089,
        "std": 15.567395306538359,
        "iqr": 17.276696,
        "sum": 900.622021
      }
    }
  }
}