{
  "overall": {
    "elapsed_s": {
      "count": 2391,
      "min": 0.81729,
      "q1": 1.8318625,
      "mean": 3.1128802701798413,
      "median": 2.460566,
      "q3": 3.5540155,
      "p90": 5.626493,
      "p95": 7.221527999999999,
      "max": 20.617305,
      "std": 2.091549410901213,
      "iqr": 1.7221530000000003,
      "sum": 7442.896726
    },
    "chunk_tokens_est": {
      "count": 2391,
      "min": 11.0,
      "q1": 1205.0,
      "mean": 1209.909661229611,
      "median": 1244.0,
      "q3": 1344.5,
      "p90": 1550.0,
      "p95": 1600.0,
      "max": 1600.0,
      "std": 301.619717127674,
      "iqr": 139.5,
      "sum": 2892894.0
    },
    "prompt_tokens_est": {
      "count": 2391,
      "min": 430.0,
      "q1": 1631.0,
      "mean": 1635.6511919698871,
      "median": 1672.0,
      "q3": 1770.0,
      "p90": 1974.0,
      "p95": 2020.0,
      "max": 2037.0,
      "std": 301.6202460756255,
      "iqr": 139.0,
      "sum": 3910842.0
    },
    "prompt_tokens_api": {
      "count": 2391,
      "min": 441.0,
      "q1": 1629.0,
      "mean": 1636.5257214554579,
      "median": 1672.0,
      "q3": 1768.5,
      "p90": 1977.0,
      "p95": 2024.0,
      "max": 2068.0,
      "std": 300.35852507460453,
      "iqr": 139.5,
      "sum": 3912933.0
    },
    "completion_tokens_api": {
      "count": 2391,
      "min": 25.0,
      "q1": 33.0,
      "mean": 122.85738184859892,
      "median": 43.0,
      "q3": 153.5,
      "p90": 352.0,
      "p95": 473.0,
      "max": 1222.0,
      "std": 162.758396253877,
      "iqr": 120.5,
      "sum": 293752.0
    },
    "total_tokens_api": {
      "count": 2391,
      "min": 473.0,
      "q1": 1673.0,
      "mean": 1759.383103304057,
      "median": 1740.0,
      "q3": 1944.0,
      "p90": 2183.0,
      "p95": 2307.5,
      "max": 3242.0,
      "std": 367.0949753849485,
      "iqr": 271.0,
      "sum": 4206685.0
    },
    "n_rows_normalized": {
      "count": 2391,
      "min": 0.0,
      "q1": 0.0,
      "mean": 1.7829360100376412,
      "median": 0.0,
      "q3": 2.0,
      "p90": 6.0,
      "p95": 9.0,
      "max": 23.0,
      "std": 3.501006656741447,
      "iqr": 2.0,
      "sum": 4263.0
    }
  },
  "by_year": {
    "2023": {
      "n_calls": 2082,
      "elapsed_s": {
        "count": 2082,
        "min": 0.928724,
        "q1": 1.8271300000000001,
        "mean": 3.01875417146974,
        "median": 2.4349135000000004,
        "q3": 3.4193405,
        "p90": 5.431246000000001,
        "p95": 6.821281649999991,
        "max": 20.617305,
        "std": 1.9739525127876552,
        "iqr": 1.5922105,
        "sum": 6285.046184999999
      },
      "completion_tokens_api": {
        "count": 2082,
        "min": 25.0,
        "q1": 33.0,
        "mean": 114.56436119116235,
        "median": 43.0,
        "q3": 136.0,
        "p90": 316.0,
        "p95": 441.6499999999987,
        "max": 1222.0,
        "std": 153.28468938484355,
        "iqr": 103.0,
        "sum": 238523.0
      },
      "total_tokens_api": {
        "count": 2082,
        "min": 473.0,
        "q1": 1675.0,
        "mean": 1759.1344860710856,
        "median": 1738.0,
        "q3": 1931.75,
        "p90": 2169.0,
        "p95": 2301.95,
        "max": 3242.0,
        "std": 364.0570266674961,
        "iqr": 256.75,
        "sum": 3662518.0
      },
      "n_rows_normalized": {
        "count": 2082,
        "min": 0.0,
        "q1": 0.0,
        "mean": 1.585014409221902,
        "median": 0.0,
        "q3": 2.0,
        "p90": 6.0,
        "p95": 8.0,
        "max": 22.0,
        "std": 3.1941390080388645,
        "iqr": 2.0,
        "sum": 3300.0
      }
    },
    "2024": {
      "n_calls": 309,
      "elapsed_s": {
        "count": 309,
        "min": 0.81729,
        "q1": 1.943865,
        "mean": 3.7470891294498383,
        "median": 2.805427,
        "q3": 4.448434,
        "p90": 7.877476599999998,
        "p95": 9.857552799999999,
        "max": 16.268332,
        "std": 2.6749917182583265,
        "iqr": 2.504569,
        "sum": 1157.850541
      },
      "completion_tokens_api": {
        "count": 309,
        "min": 30.0,
        "q1": 33.0,
        "mean": 178.73462783171522,
        "median": 47.0,
        "q3": 312.0,
        "p90": 504.59999999999997,
        "p95": 603.3999999999999,
        "max": 1098.0,
        "std": 207.8668267440875,
        "iqr": 279.0,
        "sum": 55229.0
      },
      "total_tokens_api": {
        "count": 309,
        "min": 495.0,
        "q1": 1578.0,
        "mean": 1761.0582524271845,
        "median": 1767.0,
        "q3": 2004.0,
        "p90": 2238.4,
        "p95": 2420.9999999999995,
        "max": 2816.0,
        "std": 387.55716357357636,
        "iqr": 426.0,
        "sum": 544167.0
      },
      "n_rows_normalized": {
        "count": 309,
        "min": 0.0,
        "q1": 0.0,
        "mean": 3.116504854368932,
        "median": 0.0,
        "q3": 5.0,
        "p90": 10.0,
        "p95": 14.0,
        "max": 23.0,
        "std": 4.9121522464543474,
        "iqr": 5.0,
        "sum": 963.0
      }
    }
  }
}