{
  "overall": {
    "index_elapsed_s": {
      "count": 220,
      "min": 0.019764,
      "q1": 0.13327875,
      "mean": 0.16241518181818182,
      "median": 0.1695065,
      "q3": 0.191895,
      "p90": 0.2211155,
      "p95": 0.2497385,
      "max": 0.48736,
      "std": 0.061562973763950486,
      "iqr": 0.05861625000000001,
      "sum": 35.73134
    },
    "retrieval_elapsed_s": {
      "count": 220,
      "min": 0.320257,
      "q1": 0.42286,
      "mean": 0.5449779318181819,
      "median": 0.48255499999999996,
      "q3": 0.56923475,
      "p90": 0.7514811999999998,
      "p95": 0.9600582,
      "max": 3.626812,
      "std": 0.26942010350237927,
      "iqr": 0.14637475,
      "sum": 119.89514500000001
    },
    "extraction_elapsed_sum_s": {
      "count": 220,
      "min": 5.309885,
      "q1": 23.636792999999997,
      "mean": 33.83134879090909,
      "median": 29.5739905,
      "q3": 42.66464975,
      "p90": 55.720991,
      "p95": 64.50854709999999,
      "max": 88.84158,
      "std": 15.92078635955845,
      "iqr": 19.027856750000005,
      "sum": 7442.896734
    },
    "doc_total_elapsed_s": {
      "count": 220,
      "min": 7.160749,
      "q1": 27.05468725,
      "mean": 37.049010486363635,
      "median": 32.751348500000006,
      "q3": 46.22520575,
      "p90": 59.1589482,
      "p95": 68.02691795,
      "max": 92.190067,
      "std": 16.221280111863404,
      "iqr": 19.1705185,
      "sum": 8150.7823069999995
    },
    "n_index_chunks": {
      "count": 220,
      "min": 3.0,
      "q1": 12.0,
      "mean": 30.836363636363636,
      "median": 22.0,
      "q3": 38.5,
      "p90": 57.099999999999994,
      "p95": 83.04999999999998,
      "max": 411.0,
      "std": 36.398110060004825,
      "iqr": 26.5,
      "sum": 6784.0
    },
    "n_retrieved_chunks": {
      "count": 220,
      "min": 3.0,
      "q1": 12.0,
      "mean": 10.868181818181819,
      "median": 12.0,
      "q3": 12.0,
      "p90": 12.0,
      "p95": 12.0,
      "max": 12.0,
      "std": 2.2545512292538428,
      "iqr": 0.0,
      "sum": 2391.0
    },
    "n_llm_calls_ok": {
      "count": 220,
      "min": 3.0,
      "q1": 12.0,
      "mean": 10.868181818181819,
      "median": 12.0,
      "q3": 12.0,
      "p90": 12.0,
      "p95": 12.0,
      "max": 12.0,
      "std": 2.2545512292538428,
      "iqr": 0.0,
      "sum": 2391.0
    },
    "n_llm_calls_error": {
      "count": 220,
      "min": 0.0,
      "q1": 0.0,
      "mean": 0.0,
      "median": 0.0,
      "q3": 0.0,
      "p90": 0.0,
      "p95": 0.0,
      "max": 0.0,
      "std": 0.0,
      "iqr": 0.0,
      "sum": 0.0
    }
  },
  "by_year": {
    "2023": {
      "n_docs": 185,
      "index_elapsed_s": {
        "count": 185,
        "min": 0.019764,
        "q1": 0.125224,
        "mean": 0.16000816756756756,
        "median": 0.168694,
        "q3": 0.192422,
        "p90": 0.2223956,
        "p95": 0.24784539999999985,
        "max": 0.438102,
        "std": 0.06004722208675352,
        "iqr": 0.06719800000000001,
        "sum": 29.601511
      },
      "retrieval_elapsed_s": {
        "count": 185,
        "min": 0.325997,
        "q1": 0.440377,
        "mean": 0.5457182486486486,
        "median": 0.494356,
        "q3": 0.592181,
        "p90": 0.7737741999999999,
        "p95": 0.9512231999999992,
        "max": 1.248676,
        "std": 0.17086597342200321,
        "iqr": 0.15180399999999994,
        "sum": 100.957876
      },
      "extraction_elapsed_sum_s": {
        "count": 185,
        "min": 5.309885,
        "q1": 24.300617,
        "mean": 33.97322264864865,
        "median": 29.789391,
        "q3": 42.537873,
        "p90": 55.760791,
        "p95": 63.12556279999996,
        "max": 88.84158,
        "std": 15.259111142708383,
        "iqr": 18.237256,
        "sum": 6285.04619
      },
      "doc_total_elapsed_s": {
        "count": 185,
        "min": 7.160749,
        "q1": 27.813984,
        "mean": 37.30298552432432,
        "median": 33.100846,
        "q3": 45.71684,
        "p90": 59.277814199999995,
        "p95": 67.14702739999997,
        "max": 92.190067,
        "std": 15.54776909380138,
        "iqr": 17.902855999999996,
        "sum": 6901.052322
      }
    },
    "2024": {
      "n_docs": 35,
      "index_elapsed_s": {
        "count": 35,
        "min": 0.030681,
        "q1": 0.1579965,
        "mean": 0.17513797142857146,
        "median": 0.169656,
        "q3": 0.18013,
        "p90": 0.2012248,
        "p95": 0.24555749999999973,
        "max": 0.48736,
        "std": 0.06856289574650577,
        "iqr": 0.0221335,
        "sum": 6.129829000000001
      },
      "retrieval_elapsed_s": {
        "count": 35,
        "min": 0.320257,
        "q1": 0.3860895,
        "mean": 0.5410648285714286,
        "median": 0.414543,
        "q3": 0.458964,
        "p90": 0.5293724000000001,
        "p95": 0.8782775999999988,
        "max": 3.626812,
        "std": 0.5563548507610782,
        "iqr": 0.07287450000000001,
        "sum": 18.937269
      },
      "extraction_elapsed_sum_s": {
        "count": 35,
        "min": 9.632328,
        "q1": 17.7843745,
        "mean": 33.081444114285716,
        "median": 26.350236,
        "q3": 43.8713725,
        "p90": 52.6627452,
        "p95": 78.6217585,
        "max": 83.557902,
        "std": 19.284397663762785,
        "iqr": 26.086998,
        "sum": 1157.8505440000001
      },
      "doc_total_elapsed_s": {
        "count": 35,
        "min": 11.274828,
        "q1": 20.123463,
        "mean": 35.706571,
        "median": 28.465818,
        "q3": 47.649636,
        "p90": 55.3939596,
        "p95": 81.5357039,
        "max": 86.732797,
        "std": 19.607585124408747,
        "iqr": 27.526173,
        "sum": 1249.729985
      }
    }
  }
}