{
  "overall": {
    "elapsed_s": {
      "count": 1432,
      "min": 0.819513,
      "q1": 1.93086075,
      "mean": 3.364475402932961,
      "median": 2.700591,
      "q3": 3.8309497500000003,
      "p90": 6.109615200000003,
      "p95": 7.596469800000002,
      "max": 18.417434,
      "std": 2.274237531564156,
      "iqr": 1.9000890000000004,
      "sum": 4817.928777
    },
    "chunk_tokens_est": {
      "count": 1432,
      "min": 11.0,
      "q1": 921.75,
      "mean": 1119.4399441340781,
      "median": 1225.0,
      "q3": 1404.0,
      "p90": 1600.0,
      "p95": 1600.0,
      "max": 1600.0,
      "std": 419.28897489564343,
      "iqr": 482.25,
      "sum": 1603038.0
    },
    "prompt_tokens_est": {
      "count": 1432,
      "min": 430.0,
      "q1": 1348.75,
      "mean": 1545.0188547486034,
      "median": 1655.0,
      "q3": 1828.5,
      "p90": 2018.0,
      "p95": 2022.0,
      "max": 2038.0,
      "std": 419.2139398768691,
      "iqr": 479.75,
      "sum": 2212467.0
    },
    "prompt_tokens_api": {
      "count": 1432,
      "min": 441.0,
      "q1": 1351.0,
      "mean": 1548.7632681564246,
      "median": 1657.5,
      "q3": 1833.5,
      "p90": 2017.0,
      "p95": 2029.0,
      "max": 2064.0,
      "std": 417.48447269226307,
      "iqr": 482.5,
      "sum": 2217829.0
    },
    "completion_tokens_api": {
      "count": 1432,
      "min": 30.0,
      "q1": 33.0,
      "mean": 157.0013966480447,
      "median": 53.0,
      "q3": 220.25,
      "p90": 413.8000000000002,
      "p95": 526.45,
      "max": 1177.0,
      "std": 186.57077500535374,
      "iqr": 187.25,
      "sum": 224826.0
    },
    "total_tokens_api": {
      "count": 1432,
      "min": 473.0,
      "q1": 1442.75,
      "mean": 1705.7646648044692,
      "median": 1765.0,
      "q3": 2057.0,
      "p90": 2258.0,
      "p95": 2386.45,
      "max": 3191.0,
      "std": 505.57677359490094,
      "iqr": 614.25,
      "sum": 2442655.0
    },
    "n_rows_normalized": {
      "count": 1432,
      "min": 0.0,
      "q1": 0.0,
      "mean": 2.5858938547486034,
      "median": 0.0,
      "q3": 4.0,
      "p90": 8.0,
      "p95": 11.0,
      "max": 35.0,
      "std": 4.2508218513842,
      "iqr": 4.0,
      "sum": 3703.0
    }
  },
  "by_year": {
    "2023": {
      "n_calls": 1204,
      "elapsed_s": {
        "count": 1204,
        "min": 0.836008,
        "q1": 1.90802575,
        "mean": 3.2194301171096344,
        "median": 2.630417,
        "q3": 3.6610792500000002,
        "p90": 5.646858000000003,
        "p95": 7.072554549999999,
        "max": 16.552164,
        "std": 2.0987595030433814,
        "iqr": 1.7530535000000003,
        "sum": 3876.1938609999997
      },
      "completion_tokens_api": {
        "count": 1204,
        "min": 30.0,
        "q1": 33.0,
        "mean": 145.82724252491695,
        "median": 49.0,
        "q3": 204.0,
        "p90": 369.70000000000005,
        "p95": 498.0,
        "max": 1177.0,
        "std": 176.71239876047684,
        "iqr": 171.0,
        "sum": 175576.0
      },
      "total_tokens_api": {
        "count": 1204,
        "min": 473.0,
        "q1": 1409.25,
        "mean": 1693.3787375415282,
        "median": 1758.5,
        "q3": 2059.0,
        "p90": 2257.7,
        "p95": 2389.5499999999997,
        "max": 3191.0,
        "std": 518.6701193257272,
        "iqr": 649.75,
        "sum": 2038828.0
      },
      "n_rows_normalized": {
        "count": 1204,
        "min": 0.0,
        "q1": 0.0,
        "mean": 2.329734219269103,
        "median": 0.0,
        "q3": 3.0,
        "p90": 7.0,
        "p95": 10.0,
        "max": 35.0,
        "std": 4.021977809326115,
        "iqr": 3.0,
        "sum": 2805.0
      }
    },
    "2024": {
      "n_calls": 228,
      "elapsed_s": {
        "count": 228,
        "min": 0.819513,
        "q1": 2.24116,
        "mean": 4.130416298245614,
        "median": 3.11742,
        "q3": 5.0117895,
        "p90": 7.992114,
        "p95": 10.06034729999999,
        "max": 18.417434,
        "std": 2.9258847694485666,
        "iqr": 2.7706295,
        "sum": 941.7349160000001
      },
      "completion_tokens_api": {
        "count": 228,
        "min": 31.0,
        "q1": 37.0,
        "mean": 216.00877192982455,
        "median": 124.5,
        "q3": 353.75,
        "p90": 522.8000000000001,
        "p95": 662.0999999999992,
        "max": 1029.0,
        "std": 223.11941432889154,
        "iqr": 316.75,
        "sum": 49250.0
      },
      "total_tokens_api": {
        "count": 228,
        "min": 512.0,
        "q1": 1587.75,
        "mean": 1771.171052631579,
        "median": 1791.5,
        "q3": 2051.0,
        "p90": 2263.9,
        "p95": 2377.7499999999995,
        "max": 3021.0,
        "std": 424.9140381007652,
        "iqr": 463.25,
        "sum": 403827.0
      },
      "n_rows_normalized": {
        "count": 228,
        "min": 0.0,
        "q1": 0.0,
        "mean": 3.93859649122807,
        "median": 1.0,
        "q3": 6.0,
        "p90": 11.300000000000011,
        "p95": 16.0,
        "max": 19.0,
        "std": 5.098648154114874,
        "iqr": 6.0,
        "sum": 898.0
      }
    }
  }
}