{
  "overall": {
    "index_elapsed_s": {
      "count": 183,
      "min": 0.019448,
      "q1": 0.1263785,
      "mean": 0.15022826775956283,
      "median": 0.164054,
      "q3": 0.1796165,
      "p90": 0.19668300000000002,
      "p95": 0.2105042,
      "max": 0.376933,
      "std": 0.05391282241383503,
      "iqr": 0.05323800000000001,
      "sum": 27.491773
    },
    "retrieval_elapsed_s": {
      "count": 183,
      "min": 0.284395,
      "q1": 0.3631975,
      "mean": 0.4110782131147542,
      "median": 0.386894,
      "q3": 0.429846,
      "p90": 0.48552720000000005,
      "p95": 0.5542887000000001,
      "max": 1.181318,
      "std": 0.10213133257961193,
      "iqr": 0.0666485,
      "sum": 75.22731300000001
    },
    "extraction_elapsed_sum_s": {
      "count": 183,
      "min": 4.316507,
      "q1": 15.2612475,
      "mean": 26.327479655737704,
      "median": 23.333757,
      "q3": 32.1914445,
      "p90": 43.2384652,
      "p95": 55.616727400000016,
      "max": 108.45912,
      "std": 15.714199597773307,
      "iqr": 16.930197000000003,
      "sum": 4817.928777
    },
    "doc_total_elapsed_s": {
      "count": 183,
      "min": 5.673137,
      "q1": 17.3737125,
      "mean": 28.733563409836066,
      "median": 25.798926,
      "q3": 34.835354499999994,
      "p90": 46.3095214,
      "p95": 58.81583930000001,
      "max": 112.394122,
      "std": 16.126458273966406,
      "iqr": 17.461641999999994,
      "sum": 5258.242104
    },
    "n_index_chunks": {
      "count": 183,
      "min": 3.0,
      "q1": 6.0,
      "mean": 8.683060109289617,
      "median": 8.0,
      "q3": 10.0,
      "p90": 14.0,
      "p95": 17.0,
      "max": 58.0,
      "std": 5.512033532300234,
      "iqr": 4.0,
      "sum": 1589.0
    },
    "n_retrieved_chunks": {
      "count": 183,
      "min": 3.0,
      "q1": 6.0,
      "mean": 7.825136612021858,
      "median": 8.0,
      "q3": 10.0,
      "p90": 12.0,
      "p95": 12.0,
      "max": 12.0,
      "std": 2.736007731240984,
      "iqr": 4.0,
      "sum": 1432.0
    },
    "n_llm_calls_ok": {
      "count": 183,
      "min": 3.0,
      "q1": 6.0,
      "mean": 7.825136612021858,
      "median": 8.0,
      "q3": 10.0,
      "p90": 12.0,
      "p95": 12.0,
      "max": 12.0,
      "std": 2.736007731240984,
      "iqr": 4.0,
      "sum": 1432.0
    },
    "n_llm_calls_error": {
      "count": 183,
      "min": 0.0,
      "q1": 0.0,
      "mean": 0.0,
      "median": 0.0,
      "q3": 0.0,
      "p90": 0.0,
      "p95": 0.0,
      "max": 0.0,
      "std": 0.0,
      "iqr": 0.0,
      "sum": 0.0
    }
  },
  "by_year": {
    "2023": {
      "n_docs": 149,
      "index_elapsed_s": {
        "count": 149,
        "min": 0.021201,
        "q1": 0.119911,
        "mean": 0.15049775838926174,
        "median": 0.164503,
        "q3": 0.178676,
        "p90": 0.20006620000000003,
        "p95": 0.2102408,
        "max": 0.376933,
        "std": 0.053310585511982686,
        "iqr": 0.058765,
        "sum": 22.424166
      },
      "retrieval_elapsed_s": {
        "count": 149,
        "min": 0.291115,
        "q1": 0.364909,
        "mean": 0.4128009865771812,
        "median": 0.386894,
        "q3": 0.430712,
        "p90": 0.48238680000000006,
        "p95": 0.5460716,
        "max": 1.181318,
        "std": 0.10560834674879317,
        "iqr": 0.065803,
        "sum": 61.507346999999996
      },
      "extraction_elapsed_sum_s": {
        "count": 149,
        "min": 4.316507,
        "q1": 15.343504,
        "mean": 26.01472390604027,
        "median": 23.333757,
        "q3": 31.707714,
        "p90": 42.91643760000001,
        "p95": 53.317934599999994,
        "max": 108.45912,
        "std": 15.360090320417195,
        "iqr": 16.36421,
        "sum": 3876.193862
      },
      "doc_total_elapsed_s": {
        "count": 149,
        "min": 5.673137,
        "q1": 17.599492,
        "mean": 28.51038576510067,
        "median": 26.020907,
        "q3": 34.50345,
        "p90": 45.8886814,
        "p95": 56.6220912,
        "max": 112.394122,
        "std": 15.814727414070235,
        "iqr": 16.903958,
        "sum": 4248.047479
      }
    },
    "2024": {
      "n_docs": 34,
      "index_elapsed_s": {
        "count": 34,
        "min": 0.019448,
        "q1": 0.13479675000000002,
        "mean": 0.14904726470588234,
        "median": 0.1628125,
        "q3": 0.18298875,
        "p90": 0.19240400000000002,
        "p95": 0.20582009999999995,
        "max": 0.265356,
        "std": 0.05729319468568186,
        "iqr": 0.048191999999999985,
        "sum": 5.067607
      },
      "retrieval_elapsed_s": {
        "count": 34,
        "min": 0.284395,
        "q1": 0.35298225,
        "mean": 0.4035284117647059,
        "median": 0.38396399999999997,
        "q3": 0.40981275,
        "p90": 0.5009944,
        "p95": 0.5871918499999998,
        "max": 0.690172,
        "std": 0.08622817830655902,
        "iqr": 0.056830500000000006,
        "sum": 13.719966
      },
      "extraction_elapsed_sum_s": {
        "count": 34,
        "min": 9.406005,
        "q1": 15.19334875,
        "mean": 27.698085735294114,
        "median": 23.3774295,
        "q3": 35.322107,
        "p90": 45.5840687,
        "p95": 64.88072164999997,
        "max": 78.559126,
        "std": 17.36063766703932,
        "iqr": 20.128758250000004,
        "sum": 941.7349149999999
      },
      "doc_total_elapsed_s": {
        "count": 34,
        "min": 11.023507,
        "q1": 16.8202535,
        "mean": 29.711606617647053,
        "median": 25.349789,
        "q3": 37.14812,
        "p90": 48.8897907,
        "p95": 67.07769474999996,
        "max": 81.204447,
        "std": 17.64621123793845,
        "iqr": 20.3278665,
        "sum": 1010.1946249999999
      }
    }
  }
}