{
  "overall": {
    "elapsed_s": {
      "count": 432,
      "min": 1.725431,
      "q1": 3.1202245,
      "mean": 9.984259458333334,
      "median": 4.5210360000000005,
      "q3": 7.8731425,
      "p90": 33.599473,
      "p95": 35.491768300000004,
      "max": 68.217861,
      "std": 12.621138039607526,
      "iqr": 4.752918,
      "sum": 4313.200086
    },
    "chunk_tokens_est": {
      "count": 432,
      "min": 22.0,
      "q1": 11094.75,
      "mean": 18915.8125,
      "median": 25010.5,
      "q3": 25474.5,
      "p90": 25966.8,
      "p95": 26535.899999999998,
      "max": 46606.0,
      "std": 8564.054067931336,
      "iqr": 14379.75,
      "sum": 8171631.0
    },
    "prompt_tokens_est": {
      "count": 432,
      "min": 437.0,
      "q1": 11510.25,
      "mean": 19335.574074074073,
      "median": 25428.5,
      "q3": 25893.25,
      "p90": 26389.4,
      "p95": 26957.399999999998,
      "max": 47032.0,
      "std": 8563.790891616607,
      "iqr": 14383.0,
      "sum": 8352968.0
    },
    "prompt_tokens_api": {
      "count": 432,
      "min": 447.0,
      "q1": 11419.75,
      "mean": 19120.125,
      "median": 24888.0,
      "q3": 25622.75,
      "p90": 26167.8,
      "p95": 26768.75,
      "max": 46136.0,
      "std": 8468.844598773027,
      "iqr": 14203.0,
      "sum": 8259894.0
    },
    "completion_tokens_api": {
      "count": 432,
      "min": 24.0,
      "q1": 33.0,
      "mean": 227.16203703703704,
      "median": 47.0,
      "q3": 330.5,
      "p90": 576.8000000000001,
      "p95": 804.9499999999998,
      "max": 2178.0,
      "std": 316.1296051928189,
      "iqr": 297.5,
      "sum": 98134.0
    },
    "total_tokens_api": {
      "count": 432,
      "min": 478.0,
      "q1": 11718.75,
      "mean": 19347.287037037036,
      "median": 24942.5,
      "q3": 25846.0,
      "p90": 26390.0,
      "p95": 27165.7,
      "max": 46171.0,
      "std": 8489.914960317792,
      "iqr": 14127.25,
      "sum": 8358028.0
    },
    "n_rows_normalized": {
      "count": 432,
      "min": 0.0,
      "q1": 0.0,
      "mean": 4.449074074074074,
      "median": 0.0,
      "q3": 6.0,
      "p90": 12.0,
      "p95": 20.0,
      "max": 62.0,
      "std": 7.615907096598084,
      "iqr": 6.0,
      "sum": 1922.0
    }
  },
  "by_year": {
    "2023": {
      "n_calls": 364,
      "elapsed_s": {
        "count": 364,
        "min": 1.725431,
        "q1": 3.08456075,
        "mean": 9.785744354395604,
        "median": 4.3822019999999995,
        "q3": 7.64522225,
        "p90": 33.7060123,
        "p95": 35.5064539,
        "max": 68.217861,
        "std": 12.597224846892585,
        "iqr": 4.5606615,
        "sum": 3562.010945
      },
      "completion_tokens_api": {
        "count": 364,
        "min": 25.0,
        "q1": 33.0,
        "mean": 201.09065934065933,
        "median": 47.0,
        "q3": 301.0,
        "p90": 529.7,
        "p95": 712.9499999999998,
        "max": 1626.0,
        "std": 263.299481774261,
        "iqr": 268.0,
        "sum": 73197.0
      },
      "total_tokens_api": {
        "count": 364,
        "min": 478.0,
        "q1": 12933.0,
        "mean": 19579.43956043956,
        "median": 25070.5,
        "q3": 25922.0,
        "p90": 26623.899999999998,
        "p95": 27210.199999999997,
        "max": 46171.0,
        "std": 8589.173949459753,
        "iqr": 12989.0,
        "sum": 7126916.0
      },
      "n_rows_normalized": {
        "count": 364,
        "min": 0.0,
        "q1": 0.0,
        "mean": 4.008241758241758,
        "median": 0.0,
        "q3": 6.0,
        "p90": 11.699999999999989,
        "p95": 16.849999999999966,
        "max": 62.0,
        "std": 6.9972397695936195,
        "iqr": 6.0,
        "sum": 1459.0
      }
    },
    "2024": {
      "n_calls": 68,
      "elapsed_s": {
        "count": 68,
        "min": 2.203057,
        "q1": 3.580177,
        "mean": 11.046899132352939,
        "median": 5.273997,
        "q3": 10.1140985,
        "p90": 33.1571369,
        "p95": 34.27602245,
        "max": 63.358238,
        "std": 12.789752099738722,
        "iqr": 6.533921500000001,
        "sum": 751.1891409999998
      },
      "completion_tokens_api": {
        "count": 68,
        "min": 24.0,
        "q1": 32.0,
        "mean": 366.72058823529414,
        "median": 63.5,
        "q3": 538.0,
        "p90": 1123.1000000000001,
        "p95": 1386.6999999999998,
        "max": 2178.0,
        "std": 493.78011438376376,
        "iqr": 506.0,
        "sum": 24937.0
      },
      "total_tokens_api": {
        "count": 68,
        "min": 3301.0,
        "q1": 10276.5,
        "mean": 18104.58823529412,
        "median": 23452.0,
        "q3": 25550.25,
        "p90": 25858.6,
        "p95": 26022.1,
        "max": 27052.0,
        "std": 7880.962900929662,
        "iqr": 15273.75,
        "sum": 1231112.0
      },
      "n_rows_normalized": {
        "count": 68,
        "min": 0.0,
        "q1": 0.0,
        "mean": 6.8088235294117645,
        "median": 1.5,
        "q3": 9.25,
        "p90": 20.300000000000004,
        "p95": 29.299999999999997,
        "max": 49.0,
        "std": 10.056938427551275,
        "iqr": 9.25,
        "sum": 463.0
      }
    }
  }
}